#-----------------------------------------------------------
# Vivado v2023.2 (64-bit)
# SW Build 4029153 on Fri Oct 13 20:13:54 MDT 2023
# IP Build 4028589 on Sat Oct 14 00:45:43 MDT 2023
# SharedData Build 4025554 on Tue Oct 10 17:18:54 MDT 2023
# Start of session at: Fri Mar 14 16:08:43 2025
# Process ID: 2776
# Current directory: /home/11-comp-arch-f/Desktop
# Command line: vivado
# Log file: /home/11-comp-arch-f/Desktop/vivado.log
# Journal file: /home/11-comp-arch-f/Desktop/vivado.jou
# Running On: CEAT-ENDV350-11L, OS: Linux, CPU Frequency: 5000.000 MHz, CPU Physical cores: 14, Host memory: 16437 MB
#-----------------------------------------------------------
start_gui
WARNING: [Board 49-26] cannot add Board Part xilinx.com:kcu105:part0:1.6 available at /opt/Xilinx/Vivado/2023.2/data/xhub/boards/XilinxBoardStore/boards/Xilinx/kcu105/1.6/board.xml as part xcku040-ffva1156-2-e specified in board_part file is either invalid or not available
WARNING: [Board 49-26] cannot add Board Part xilinx.com:kcu105:part0:1.7 available at /opt/Xilinx/Vivado/2023.2/data/xhub/boards/XilinxBoardStore/boards/Xilinx/kcu105/1.7/board.xml as part xcku040-ffva1156-2-e specified in board_part file is either invalid or not available
WARNING: [Board 49-26] cannot add Board Part xilinx.com:kcu116:part0:1.4 available at /opt/Xilinx/Vivado/2023.2/data/xhub/boards/XilinxBoardStore/boards/Xilinx/kcu116/1.4/board.xml as part xcku5p-ffvb676-2-e specified in board_part file is either invalid or not available
WARNING: [Board 49-26] cannot add Board Part xilinx.com:kcu116:part0:1.5 available at /opt/Xilinx/Vivado/2023.2/data/xhub/boards/XilinxBoardStore/boards/Xilinx/kcu116/1.5/board.xml as part xcku5p-ffvb676-2-e specified in board_part file is either invalid or not available
WARNING: [Board 49-26] cannot add Board Part xilinx.com:kcu1500:part0:1.2 available at /opt/Xilinx/Vivado/2023.2/data/xhub/boards/XilinxBoardStore/boards/Xilinx/kcu1500/1.2/board.xml as part xcku115-flvb2104-2-e specified in board_part file is either invalid or not available
WARNING: [Board 49-26] cannot add Board Part xilinx.com:vck190:part0:2.2 available at /opt/Xilinx/Vivado/2023.2/data/xhub/boards/XilinxBoardStore/boards/Xilinx/vck190/production/2.2/board.xml as part xcvc1902-vsva2197-2mp-e-s specified in board_part file is either invalid or not available
WARNING: [Board 49-26] cannot add Board Part xilinx.com:vck190:part0:3.0 available at /opt/Xilinx/Vivado/2023.2/data/xhub/boards/XilinxBoardStore/boards/Xilinx/vck190/production/3.0/board.xml as part xcvc1902-vsva2197-2mp-e-s specified in board_part file is either invalid or not available
WARNING: [Board 49-26] cannot add Board Part xilinx.com:vck190:part0:3.1 available at /opt/Xilinx/Vivado/2023.2/data/xhub/boards/XilinxBoardStore/boards/Xilinx/vck190/production/3.1/board.xml as part xcvc1902-vsva2197-2mp-e-s specified in board_part file is either invalid or not available
WARNING: [Board 49-26] cannot add Board Part xilinx.com:vck190:part0:3.2 available at /opt/Xilinx/Vivado/2023.2/data/xhub/boards/XilinxBoardStore/boards/Xilinx/vck190/production/3.2/board.xml as part xcvc1902-vsva2197-2mp-e-s specified in board_part file is either invalid or not available
WARNING: [Board 49-26] cannot add Board Part xilinx.com:vck190_newl:part0:1.0 available at /opt/Xilinx/Vivado/2023.2/data/xhub/boards/XilinxBoardStore/boards/Xilinx/vck190_newl/production/1.0/board.xml as part xcvc1902-vsva2197-2mp-e-s specified in board_part file is either invalid or not available
WARNING: [Board 49-26] cannot add Board Part xilinx.com:vck190_newl:part0:1.1 available at /opt/Xilinx/Vivado/2023.2/data/xhub/boards/XilinxBoardStore/boards/Xilinx/vck190_newl/production/1.1/board.xml as part xcvc1902-vsva2197-2mp-e-s specified in board_part file is either invalid or not available
WARNING: [Board 49-26] cannot add Board Part xilinx.com:vcu108:part0:1.6 available at /opt/Xilinx/Vivado/2023.2/data/xhub/boards/XilinxBoardStore/boards/Xilinx/vcu108/1.6/board.xml as part xcvu095-ffva2104-2-e specified in board_part file is either invalid or not available
WARNING: [Board 49-26] cannot add Board Part xilinx.com:vcu108:part0:1.7 available at /opt/Xilinx/Vivado/2023.2/data/xhub/boards/XilinxBoardStore/boards/Xilinx/vcu108/1.7/board.xml as part xcvu095-ffva2104-2-e specified in board_part file is either invalid or not available
WARNING: [Board 49-26] cannot add Board Part xilinx.com:vcu110:part0:1.4 available at /opt/Xilinx/Vivado/2023.2/data/xhub/boards/XilinxBoardStore/boards/Xilinx/vcu110/1.4/board.xml as part xcvu190-flgc2104-2-e specified in board_part file is either invalid or not available
WARNING: [Board 49-26] cannot add Board Part xilinx.com:vcu118:part0:2.0 available at /opt/Xilinx/Vivado/2023.2/data/xhub/boards/XilinxBoardStore/boards/Xilinx/vcu118/2.0/board.xml as part xcvu9p-flga2104-2l-e specified in board_part file is either invalid or not available
WARNING: [Board 49-26] cannot add Board Part xilinx.com:vcu118:part0:2.3 available at /opt/Xilinx/Vivado/2023.2/data/xhub/boards/XilinxBoardStore/boards/Xilinx/vcu118/2.3/board.xml as part xcvu9p-flga2104-2l-e specified in board_part file is either invalid or not available
WARNING: [Board 49-26] cannot add Board Part xilinx.com:vcu118:part0:2.4 available at /opt/Xilinx/Vivado/2023.2/data/xhub/boards/XilinxBoardStore/boards/Xilinx/vcu118/2.4/board.xml as part xcvu9p-flga2104-2l-e specified in board_part file is either invalid or not available
WARNING: [Board 49-26] cannot add Board Part xilinx.com:vcu128:part0:1.0 available at /opt/Xilinx/Vivado/2023.2/data/xhub/boards/XilinxBoardStore/boards/Xilinx/vcu128/production/1.0/board.xml as part xcvu37p-fsvh2892-2l-e specified in board_part file is either invalid or not available
WARNING: [Board 49-26] cannot add Board Part xilinx.com:vcu129:part0:1.0 available at /opt/Xilinx/Vivado/2023.2/data/xhub/boards/XilinxBoardStore/boards/Xilinx/vcu129/production/1.0/board.xml as part xcvu29p-fsga2577-2l-e specified in board_part file is either invalid or not available
WARNING: [Board 49-26] cannot add Board Part xilinx.com:vcu1525:part0:1.3 available at /opt/Xilinx/Vivado/2023.2/data/xhub/boards/XilinxBoardStore/boards/Xilinx/vcu1525/1.3/board.xml as part xcvu9p-fsgd2104-2l-e specified in board_part file is either invalid or not available
WARNING: [Board 49-26] cannot add Board Part xilinx.com:vek280:part0:1.0 available at /opt/Xilinx/Vivado/2023.2/data/xhub/boards/XilinxBoardStore/boards/Xilinx/vek280/production/1.0/board.xml as part xcve2802-vsvh1760-2mp-e-s specified in board_part file is either invalid or not available
WARNING: [Board 49-26] cannot add Board Part xilinx.com:vek280_es:part0:1.0 available at /opt/Xilinx/Vivado/2023.2/data/xhub/boards/XilinxBoardStore/boards/Xilinx/vek280/es/rev_a/1.0/board.xml as part xcve2802-vsvh1760-2lp-e-s-es1 specified in board_part file is either invalid or not available
WARNING: [Board 49-26] cannot add Board Part xilinx.com:vek280_es:part0:1.1 available at /opt/Xilinx/Vivado/2023.2/data/xhub/boards/XilinxBoardStore/boards/Xilinx/vek280/es/rev_a/1.1/board.xml as part xcve2802-vsvh1760-2lp-e-s-es1 specified in board_part file is either invalid or not available
WARNING: [Board 49-26] cannot add Board Part xilinx.com:vek280_es_revb:part0:1.0 available at /opt/Xilinx/Vivado/2023.2/data/xhub/boards/XilinxBoardStore/boards/Xilinx/vek280/es/rev_b/1.0/board.xml as part xcve2802-vsvh1760-2mp-e-s-es1 specified in board_part file is either invalid or not available
WARNING: [Board 49-26] cannot add Board Part xilinx.com:vek280_es_revb:part0:1.1 available at /opt/Xilinx/Vivado/2023.2/data/xhub/boards/XilinxBoardStore/boards/Xilinx/vek280/es/rev_b/1.1/board.xml as part xcve2802-vsvh1760-2mp-e-s-es1 specified in board_part file is either invalid or not available
WARNING: [Board 49-26] cannot add Board Part xilinx.com:vhk158:part0:1.0 available at /opt/Xilinx/Vivado/2023.2/data/xhub/boards/XilinxBoardStore/boards/Xilinx/vhk158/production/1.0/board.xml as part xcvh1582-vsva3697-2mp-e-s specified in board_part file is either invalid or not available
WARNING: [Board 49-26] cannot add Board Part xilinx.com:vhk158:part0:1.1 available at /opt/Xilinx/Vivado/2023.2/data/xhub/boards/XilinxBoardStore/boards/Xilinx/vhk158/production/1.1/board.xml as part xcvh1582-vsva3697-2mp-e-s specified in board_part file is either invalid or not available
WARNING: [Board 49-26] cannot add Board Part xilinx.com:vhk158_es:part0:1.0 available at /opt/Xilinx/Vivado/2023.2/data/xhub/boards/XilinxBoardStore/boards/Xilinx/vhk158/es/1.0/board.xml as part xcvh1582-vsva3697-2mp-e-s-es1 specified in board_part file is either invalid or not available
WARNING: [Board 49-26] cannot add Board Part xilinx.com:vhk158_es:part0:1.1 available at /opt/Xilinx/Vivado/2023.2/data/xhub/boards/XilinxBoardStore/boards/Xilinx/vhk158/es/1.1/board.xml as part xcvh1582-vsva3697-2mp-e-s-es1 specified in board_part file is either invalid or not available
WARNING: [Board 49-26] cannot add Board Part xilinx.com:vmk180:part0:2.2 available at /opt/Xilinx/Vivado/2023.2/data/xhub/boards/XilinxBoardStore/boards/Xilinx/vmk180/production/2.2/board.xml as part xcvm1802-vsva2197-2mp-e-s specified in board_part file is either invalid or not available
WARNING: [Board 49-26] cannot add Board Part xilinx.com:vmk180:part0:3.0 available at /opt/Xilinx/Vivado/2023.2/data/xhub/boards/XilinxBoardStore/boards/Xilinx/vmk180/production/3.0/board.xml as part xcvm1802-vsva2197-2mp-e-s specified in board_part file is either invalid or not available
WARNING: [Board 49-26] cannot add Board Part xilinx.com:vmk180:part0:3.1 available at /opt/Xilinx/Vivado/2023.2/data/xhub/boards/XilinxBoardStore/boards/Xilinx/vmk180/production/3.1/board.xml as part xcvm1802-vsva2197-2mp-e-s specified in board_part file is either invalid or not available
WARNING: [Board 49-26] cannot add Board Part xilinx.com:vmk180:part0:3.2 available at /opt/Xilinx/Vivado/2023.2/data/xhub/boards/XilinxBoardStore/boards/Xilinx/vmk180/production/3.2/board.xml as part xcvm1802-vsva2197-2mp-e-s specified in board_part file is either invalid or not available
WARNING: [Board 49-26] cannot add Board Part xilinx.com:vmk180_newl:part0:1.0 available at /opt/Xilinx/Vivado/2023.2/data/xhub/boards/XilinxBoardStore/boards/Xilinx/vmk180_newl/production/1.0/board.xml as part xcvm1802-vsva2197-2mp-e-s specified in board_part file is either invalid or not available
WARNING: [Board 49-26] cannot add Board Part xilinx.com:vmk180_newl:part0:1.1 available at /opt/Xilinx/Vivado/2023.2/data/xhub/boards/XilinxBoardStore/boards/Xilinx/vmk180_newl/production/1.1/board.xml as part xcvm1802-vsva2197-2mp-e-s specified in board_part file is either invalid or not available
WARNING: [Board 49-26] cannot add Board Part xilinx.com:vpk120:part0:1.0 available at /opt/Xilinx/Vivado/2023.2/data/xhub/boards/XilinxBoardStore/boards/Xilinx/vpk120/production/1.0/board.xml as part xcvp1202-vsva2785-2mp-e-s specified in board_part file is either invalid or not available
WARNING: [Board 49-26] cannot add Board Part xilinx.com:vpk120:part0:1.1 available at /opt/Xilinx/Vivado/2023.2/data/xhub/boards/XilinxBoardStore/boards/Xilinx/vpk120/production/1.1/board.xml as part xcvp1202-vsva2785-2mp-e-s specified in board_part file is either invalid or not available
WARNING: [Board 49-26] cannot add Board Part xilinx.com:vpk120:part0:1.2 available at /opt/Xilinx/Vivado/2023.2/data/xhub/boards/XilinxBoardStore/boards/Xilinx/vpk120/production/1.2/board.xml as part xcvp1202-vsva2785-2mp-e-s specified in board_part file is either invalid or not available
WARNING: [Board 49-26] cannot add Board Part xilinx.com:vpk180:part0:1.0 available at /opt/Xilinx/Vivado/2023.2/data/xhub/boards/XilinxBoardStore/boards/Xilinx/vpk180/production/1.0/board.xml as part xcvp1802-lsvc4072-2mp-e-s specified in board_part file is either invalid or not available
WARNING: [Board 49-26] cannot add Board Part xilinx.com:vpk180:part0:1.1 available at /opt/Xilinx/Vivado/2023.2/data/xhub/boards/XilinxBoardStore/boards/Xilinx/vpk180/production/1.1/board.xml as part xcvp1802-lsvc4072-2mp-e-s specified in board_part file is either invalid or not available
WARNING: [Board 49-26] cannot add Board Part xilinx.com:zcu208ld:part0:2.0 available at /opt/Xilinx/Vivado/2023.2/data/xhub/boards/XilinxBoardStore/boards/Xilinx/zcu208ld/production/2.0/board.xml as part xczu58dr-fsvg1517-2-i specified in board_part file is either invalid or not available
WARNING: [Board 49-26] cannot add Board Part xilinx.com:zcu216ld:part0:2.0 available at /opt/Xilinx/Vivado/2023.2/data/xhub/boards/XilinxBoardStore/boards/Xilinx/zcu216ld/production/2.0/board.xml as part xczu59dr-ffvf1760-2-i specified in board_part file is either invalid or not available
WARNING: [Board 49-26] cannot add Board Part xilinx.com:zcu670:part0:2.0 available at /opt/Xilinx/Vivado/2023.2/data/xhub/boards/XilinxBoardStore/boards/Xilinx/zcu670/2.0/board.xml as part xczu67dr-fsve1156-2-i specified in board_part file is either invalid or not available
WARNING: [Board 49-26] cannot add Board Part xilinx.com:zcu670ld:part0:1.0 available at /opt/Xilinx/Vivado/2023.2/data/xhub/boards/XilinxBoardStore/boards/Xilinx/zcu670ld/1.0/board.xml as part xczu57dr-fsve1156-2-i specified in board_part file is either invalid or not available
open_project /home/11-comp-arch-f/Desktop/ecen4243S25QR/lab2/lab2/lab2.xpr
Scanning sources...
Finished scanning sources
INFO: [IP_Flow 19-234] Refreshing IP repositories
INFO: [IP_Flow 19-1700] Loaded user IP repository '/home/11-comp-arch-f/Desktop/ecen4243S25QR/lab2/lab2/lab2.ipdefs/ip_repo_BAK_0_0_0'.
INFO: [IP_Flow 19-2313] Loaded Vivado IP repository '/opt/Xilinx/Vivado/2023.2/data/ip'.
update_compile_order -fileset sources_1
open_hw_manager
connect_hw_server -allow_non_jtag
INFO: [Labtools 27-2285] Connecting to hw_server url TCP:localhost:3121
INFO: [Labtools 27-2222] Launching hw_server...
INFO: [Labtools 27-2221] Launch Output:

****** Xilinx hw_server v2023.2
  **** Build date : Oct 13 2023 at 20:26:23
    ** Copyright 1986-2022 Xilinx, Inc. All Rights Reserved.


INFO: [Labtools 27-3415] Connecting to cs_server url TCP:localhost:0
INFO: [Labtools 27-3417] Launching cs_server...
INFO: [Labtools 27-2221] Launch Output:


******** Xilinx cs_server v2023.2.0
  ****** Build date   : Oct 09 2023-23:01:56
    **** Build number : 2023.2.1696910516
      ** Copyright 2017-2022 Xilinx, Inc. All Rights Reserved.
      ** Copyright 2022-2025 Advanced Micro Devices, Inc. All Rights Reserved.



open_hw_target
INFO: [Labtoolstcl 44-466] Opening hw_target localhost:3121/xilinx_tcf/Digilent/210014A24E4BA
set_property PROGRAM.FILE {/home/11-comp-arch-f/Desktop/ecen4243S25QR/lab2/lab2/lab2.runs/impl_1/design_1_wrapper.bit} [get_hw_devices xc7z020_1]
set_property PROBES.FILE {/home/11-comp-arch-f/Desktop/ecen4243S25QR/lab2/lab2/lab2.runs/impl_1/design_1_wrapper.ltx} [get_hw_devices xc7z020_1]
set_property FULL_PROBES.FILE {/home/11-comp-arch-f/Desktop/ecen4243S25QR/lab2/lab2/lab2.runs/impl_1/design_1_wrapper.ltx} [get_hw_devices xc7z020_1]
current_hw_device [get_hw_devices xc7z020_1]
refresh_hw_device [lindex [get_hw_devices xc7z020_1] 0]
INFO: [Labtools 27-1434] Device xc7z020 (JTAG device index = 1) is programmed with a design that has no supported debug core(s) in it.
WARNING: [Labtools 27-3361] The debug hub core was not detected.
Resolution: 
1. Make sure the clock connected to the debug hub (dbg_hub) core is a free running clock and is active.
2. Make sure the BSCAN_SWITCH_USER_MASK device property in Vivado Hardware Manager reflects the user scan chain setting in the design and refresh the device.  To determine the user scan chain setting in the design, open the implemented design and use 'get_property C_USER_SCAN_CHAIN [get_debug_cores dbg_hub]'.
For more details on setting the scan chain property, consult the Vivado Debug and Programming User Guide (UG908).
WARNING: [Labtools 27-3413] Dropping logic core with cellname:'u_ila_0' at location 'uuid_23E7D65A79BC59F7BC47406C1714DFAE' from probes file, since it cannot be found on the programmed device.
set_property PROBES.FILE {/home/11-comp-arch-f/Desktop/ecen4243S25QR/lab2/lab2/lab2.runs/impl_1/design_1_wrapper.ltx} [get_hw_devices xc7z020_1]
set_property FULL_PROBES.FILE {/home/11-comp-arch-f/Desktop/ecen4243S25QR/lab2/lab2/lab2.runs/impl_1/design_1_wrapper.ltx} [get_hw_devices xc7z020_1]
set_property PROGRAM.FILE {/home/11-comp-arch-f/Desktop/ecen4243S25QR/lab2/lab2/lab2.runs/impl_1/design_1_wrapper.bit} [get_hw_devices xc7z020_1]
program_hw_devices [get_hw_devices xc7z020_1]
INFO: [Labtools 27-3164] End of startup status: HIGH
refresh_hw_device [lindex [get_hw_devices xc7z020_1] 0]
INFO: [Labtools 27-2302] Device xc7z020 (JTAG device index = 1) is programmed with a design that has 1 ILA core(s).
display_hw_ila_data [ get_hw_ila_data hw_ila_data_1 -of_objects [get_hw_ilas -of_objects [get_hw_devices xc7z020_1] -filter {CELL_NAME=~"u_ila_0"}]]
run_hw_ila [get_hw_ilas -of_objects [get_hw_devices xc7z020_1] -filter {CELL_NAME=~"u_ila_0"}]
INFO: [Labtools 27-1964] The ILA core 'hw_ila_1' trigger was armed at 2025-Mar-14 16:11:10
wait_on_hw_ila [get_hw_ilas -of_objects [get_hw_devices xc7z020_1] -filter {CELL_NAME=~"u_ila_0"}]
display_hw_ila_data [upload_hw_ila_data [get_hw_ilas -of_objects [get_hw_devices xc7z020_1] -filter {CELL_NAME=~"u_ila_0"}]]
INFO: [Labtools 27-1966] The ILA core 'hw_ila_1' triggered at 2025-Mar-14 16:11:10
INFO: [Labtools 27-3304] ILA Waveform data saved to file /home/11-comp-arch-f/Desktop/ecen4243S25QR/lab2/lab2/lab2.hw/backup/hw_ila_data_1.ila. Use Tcl command 'read_hw_ila_data' or Vivado File->Import->Import ILA Data menu item to import the previously saved data.
run_hw_ila [get_hw_ilas -of_objects [get_hw_devices xc7z020_1] -filter {CELL_NAME=~"u_ila_0"}]
INFO: [Labtools 27-1964] The ILA core 'hw_ila_1' trigger was armed at 2025-Mar-14 16:14:00
wait_on_hw_ila [get_hw_ilas -of_objects [get_hw_devices xc7z020_1] -filter {CELL_NAME=~"u_ila_0"}]
display_hw_ila_data [upload_hw_ila_data [get_hw_ilas -of_objects [get_hw_devices xc7z020_1] -filter {CELL_NAME=~"u_ila_0"}]]
INFO: [Labtools 27-1966] The ILA core 'hw_ila_1' triggered at 2025-Mar-14 16:14:01
INFO: [Labtools 27-3304] ILA Waveform data saved to file /home/11-comp-arch-f/Desktop/ecen4243S25QR/lab2/lab2/lab2.hw/backup/hw_ila_data_1.ila. Use Tcl command 'read_hw_ila_data' or Vivado File->Import->Import ILA Data menu item to import the previously saved data.
reset_run synth_1
launch_runs synth_1 -jobs 10
WARNING: [HDL 9-3756] overwriting previous definition of module 'imem' [/home/11-comp-arch-f/Desktop/ecen4243S25QR/lab2/lab2/lab2.srcs/sources_1/imports/Desktop/riscv_single.sv:376]
WARNING: [filemgmt 20-1318] Duplicate Design Unit 'imem()' found in library 'xil_defaultlib'
Duplicate found at line 1 of file /home/11-comp-arch-f/Desktop/ecen4243S25QR/lab2/lab2/lab2.srcs/sources_1/imports/fpga/src/imem.sv
	(Active) Duplicate found at line 376 of file /home/11-comp-arch-f/Desktop/ecen4243S25QR/lab2/lab2/lab2.srcs/sources_1/imports/Desktop/riscv_single.sv
[Fri Mar 14 16:16:49 2025] Launched synth_1...
Run output will be captured here: /home/11-comp-arch-f/Desktop/ecen4243S25QR/lab2/lab2/lab2.runs/synth_1/runme.log
launch_runs impl_1 -jobs 10
[Fri Mar 14 16:17:16 2025] Launched impl_1...
Run output will be captured here: /home/11-comp-arch-f/Desktop/ecen4243S25QR/lab2/lab2/lab2.runs/impl_1/runme.log
launch_runs impl_1 -to_step write_bitstream -jobs 10
[Fri Mar 14 16:18:21 2025] Launched impl_1...
Run output will be captured here: /home/11-comp-arch-f/Desktop/ecen4243S25QR/lab2/lab2/lab2.runs/impl_1/runme.log
open_run impl_1
INFO: [Device 21-403] Loading part xc7z020clg484-1
Netlist sorting complete. Time (s): cpu = 00:00:00.08 ; elapsed = 00:00:00.08 . Memory (MB): peak = 8439.418 ; gain = 0.000 ; free physical = 7960 ; free virtual = 14328
INFO: [Netlist 29-17] Analyzing 337 Unisim elements for replacement
INFO: [Netlist 29-28] Unisim Transformation completed in 0 CPU seconds
INFO: [Project 1-479] Netlist was created with Vivado 2023.2
INFO: [Project 1-570] Preparing netlist for logic optimization
Read ShapeDB Complete: Time (s): cpu = 00:00:00.01 ; elapsed = 00:00:00.01 . Memory (MB): peak = 8537.043 ; gain = 2.000 ; free physical = 7857 ; free virtual = 14224
INFO: [Timing 38-478] Restoring timing data from binary archive.
INFO: [Timing 38-479] Binary timing data restore complete.
INFO: [Project 1-856] Restoring constraints from binary archive.
INFO: [Project 1-853] Binary constraint restore complete.
INFO: [Designutils 20-5722] Start Reading Physical Databases.
Reading placement.
Read Netlist Cache: Time (s): cpu = 00:00:00 ; elapsed = 00:00:00 . Memory (MB): peak = 9137.949 ; gain = 0.000 ; free physical = 7319 ; free virtual = 13685
Reading placer database...
Read Device Cache: Time (s): cpu = 00:00:00.01 ; elapsed = 00:00:00.01 . Memory (MB): peak = 9137.949 ; gain = 0.000 ; free physical = 7319 ; free virtual = 13685
Read PlaceDB: Time (s): cpu = 00:00:00.16 ; elapsed = 00:00:00.16 . Memory (MB): peak = 9147.949 ; gain = 10.000 ; free physical = 7313 ; free virtual = 13679
Read PulsedLatchDB: Time (s): cpu = 00:00:00 ; elapsed = 00:00:00 . Memory (MB): peak = 9147.949 ; gain = 0.000 ; free physical = 7313 ; free virtual = 13679
Reading routing.
Read RouteStorage: Time (s): cpu = 00:00:00.06 ; elapsed = 00:00:00.06 . Memory (MB): peak = 9147.949 ; gain = 0.000 ; free physical = 7313 ; free virtual = 13679
Read Physdb Files: Time (s): cpu = 00:00:00.24 ; elapsed = 00:00:00.24 . Memory (MB): peak = 9147.949 ; gain = 10.000 ; free physical = 7313 ; free virtual = 13679
Restored from archive | CPU: 0.240000 secs | Memory: 9.887444 MB |
Finished XDEF File Restore: Time (s): cpu = 00:00:00.24 ; elapsed = 00:00:00.24 . Memory (MB): peak = 9147.949 ; gain = 10.000 ; free physical = 7313 ; free virtual = 13679
Netlist sorting complete. Time (s): cpu = 00:00:00 ; elapsed = 00:00:00 . Memory (MB): peak = 9147.949 ; gain = 0.000 ; free physical = 7313 ; free virtual = 13680
INFO: [Project 1-111] Unisim Transformation Summary:
  A total of 182 instances were transformed.
  CFGLUT5 => CFGLUT5 (SRL16E, SRLC32E): 112 instances
  RAM32M => RAM32M (RAMD32(x6), RAMS32(x2)): 66 instances
  RAM32X1D => RAM32X1D (RAMD32(x2)): 4 instances

open_run: Time (s): cpu = 00:00:12 ; elapsed = 00:00:08 . Memory (MB): peak = 9551.559 ; gain = 1279.477 ; free physical = 7120 ; free virtual = 13442
WARNING: [Timing 38-436] There are set_bus_skew constraint(s) in this design. Please run report_bus_skew to ensure that bus skew requirements are met.
set_property PROBES.FILE {/home/11-comp-arch-f/Desktop/ecen4243S25QR/lab2/lab2/lab2.runs/impl_1/design_1_wrapper.ltx} [get_hw_devices xc7z020_1]
set_property FULL_PROBES.FILE {/home/11-comp-arch-f/Desktop/ecen4243S25QR/lab2/lab2/lab2.runs/impl_1/design_1_wrapper.ltx} [get_hw_devices xc7z020_1]
set_property PROGRAM.FILE {/home/11-comp-arch-f/Desktop/ecen4243S25QR/lab2/lab2/lab2.runs/impl_1/design_1_wrapper.bit} [get_hw_devices xc7z020_1]
program_hw_devices [get_hw_devices xc7z020_1]
INFO: [Labtools 27-3164] End of startup status: HIGH
refresh_hw_device [lindex [get_hw_devices xc7z020_1] 0]
INFO: [Labtools 27-2302] Device xc7z020 (JTAG device index = 1) is programmed with a design that has 1 ILA core(s).
run_hw_ila [get_hw_ilas -of_objects [get_hw_devices xc7z020_1] -filter {CELL_NAME=~"u_ila_0"}]
INFO: [Labtools 27-1964] The ILA core 'hw_ila_1' trigger was armed at 2025-Mar-14 16:19:34
wait_on_hw_ila [get_hw_ilas -of_objects [get_hw_devices xc7z020_1] -filter {CELL_NAME=~"u_ila_0"}]
display_hw_ila_data [upload_hw_ila_data [get_hw_ilas -of_objects [get_hw_devices xc7z020_1] -filter {CELL_NAME=~"u_ila_0"}]]
INFO: [Labtools 27-1966] The ILA core 'hw_ila_1' triggered at 2025-Mar-14 16:19:35
INFO: [Labtools 27-3304] ILA Waveform data saved to file /home/11-comp-arch-f/Desktop/ecen4243S25QR/lab2/lab2/lab2.hw/backup/hw_ila_data_1.ila. Use Tcl command 'read_hw_ila_data' or Vivado File->Import->Import ILA Data menu item to import the previously saved data.
ERROR: [Labtoolstcl 44-513] HW Target shutdown. Closing target: localhost:3121/xilinx_tcf/Digilent/210014A24E4BA
INFO: [Labtoolstcl 44-466] Opening hw_target localhost:3121/xilinx_tcf/Digilent/210014A24E4BA
WARNING: [Labtoolstcl 44-129] No matching hw_ila_data was found.
INFO: [Labtools 27-1434] Device xc7z020 (JTAG device index = 1) is programmed with a design that has no supported debug core(s) in it.
WARNING: [Labtools 27-3361] The debug hub core was not detected.
Resolution: 
1. Make sure the clock connected to the debug hub (dbg_hub) core is a free running clock and is active.
2. Make sure the BSCAN_SWITCH_USER_MASK device property in Vivado Hardware Manager reflects the user scan chain setting in the design and refresh the device.  To determine the user scan chain setting in the design, open the implemented design and use 'get_property C_USER_SCAN_CHAIN [get_debug_cores dbg_hub]'.
For more details on setting the scan chain property, consult the Vivado Debug and Programming User Guide (UG908).
WARNING: [Labtools 27-3413] Dropping logic core with cellname:'u_ila_0' at location 'uuid_23E7D65A79BC59F7BC47406C1714DFAE' from probes file, since it cannot be found on the programmed device.
WARNING: [Labtoolstcl 44-129] No matching hw_ila_data was found.
set_property PROBES.FILE {/home/11-comp-arch-f/Desktop/ecen4243S25QR/lab2/lab2/lab2.runs/impl_1/design_1_wrapper.ltx} [get_hw_devices xc7z020_1]
set_property FULL_PROBES.FILE {/home/11-comp-arch-f/Desktop/ecen4243S25QR/lab2/lab2/lab2.runs/impl_1/design_1_wrapper.ltx} [get_hw_devices xc7z020_1]
set_property PROGRAM.FILE {/home/11-comp-arch-f/Desktop/ecen4243S25QR/lab2/lab2/lab2.runs/impl_1/design_1_wrapper.bit} [get_hw_devices xc7z020_1]
program_hw_devices [get_hw_devices xc7z020_1]
INFO: [Labtools 27-3164] End of startup status: HIGH
refresh_hw_device [lindex [get_hw_devices xc7z020_1] 0]
INFO: [Labtools 27-2302] Device xc7z020 (JTAG device index = 1) is programmed with a design that has 1 ILA core(s).
display_hw_ila_data [ get_hw_ila_data hw_ila_data_1 -of_objects [get_hw_ilas -of_objects [get_hw_devices xc7z020_1] -filter {CELL_NAME=~"u_ila_0"}]]
run_hw_ila [get_hw_ilas -of_objects [get_hw_devices xc7z020_1] -filter {CELL_NAME=~"u_ila_0"}]
INFO: [Labtools 27-1964] The ILA core 'hw_ila_1' trigger was armed at 2025-Mar-14 16:23:53
wait_on_hw_ila [get_hw_ilas -of_objects [get_hw_devices xc7z020_1] -filter {CELL_NAME=~"u_ila_0"}]
display_hw_ila_data [upload_hw_ila_data [get_hw_ilas -of_objects [get_hw_devices xc7z020_1] -filter {CELL_NAME=~"u_ila_0"}]]
INFO: [Labtools 27-1966] The ILA core 'hw_ila_1' triggered at 2025-Mar-14 16:23:54
INFO: [Labtools 27-3304] ILA Waveform data saved to file /home/11-comp-arch-f/Desktop/ecen4243S25QR/lab2/lab2/lab2.hw/backup/hw_ila_data_1.ila. Use Tcl command 'read_hw_ila_data' or Vivado File->Import->Import ILA Data menu item to import the previously saved data.
run_hw_ila [get_hw_ilas -of_objects [get_hw_devices xc7z020_1] -filter {CELL_NAME=~"u_ila_0"}]
INFO: [Labtools 27-1964] The ILA core 'hw_ila_1' trigger was armed at 2025-Mar-14 16:24:35
wait_on_hw_ila [get_hw_ilas -of_objects [get_hw_devices xc7z020_1] -filter {CELL_NAME=~"u_ila_0"}]
display_hw_ila_data [upload_hw_ila_data [get_hw_ilas -of_objects [get_hw_devices xc7z020_1] -filter {CELL_NAME=~"u_ila_0"}]]
INFO: [Labtools 27-1966] The ILA core 'hw_ila_1' triggered at 2025-Mar-14 16:24:37
INFO: [Labtools 27-3304] ILA Waveform data saved to file /home/11-comp-arch-f/Desktop/ecen4243S25QR/lab2/lab2/lab2.hw/backup/hw_ila_data_1.ila. Use Tcl command 'read_hw_ila_data' or Vivado File->Import->Import ILA Data menu item to import the previously saved data.
add_files -norecurse /home/11-comp-arch-f/Desktop/ecen4243S25QR/lab2/lab2/lab2.srcs/sources_1/imports/fpga/memfiles/test_hw2.memfile
ERROR: [Labtoolstcl 44-513] HW Target shutdown. Closing target: localhost:3121/xilinx_tcf/Digilent/210014A24E4BA
INFO: [Labtoolstcl 44-466] Opening hw_target localhost:3121/xilinx_tcf/Digilent/210014A24E4BA
WARNING: [Labtoolstcl 44-129] No matching hw_ila_data was found.
INFO: [Labtools 27-1434] Device xc7z020 (JTAG device index = 1) is programmed with a design that has no supported debug core(s) in it.
WARNING: [Labtools 27-3361] The debug hub core was not detected.
Resolution: 
1. Make sure the clock connected to the debug hub (dbg_hub) core is a free running clock and is active.
2. Make sure the BSCAN_SWITCH_USER_MASK device property in Vivado Hardware Manager reflects the user scan chain setting in the design and refresh the device.  To determine the user scan chain setting in the design, open the implemented design and use 'get_property C_USER_SCAN_CHAIN [get_debug_cores dbg_hub]'.
For more details on setting the scan chain property, consult the Vivado Debug and Programming User Guide (UG908).
WARNING: [Labtools 27-3413] Dropping logic core with cellname:'u_ila_0' at location 'uuid_23E7D65A79BC59F7BC47406C1714DFAE' from probes file, since it cannot be found on the programmed device.
WARNING: [Labtoolstcl 44-129] No matching hw_ila_data was found.
reset_run synth_1
launch_runs synth_1 -jobs 10
WARNING: [HDL 9-3756] overwriting previous definition of module 'imem' [/home/11-comp-arch-f/Desktop/ecen4243S25QR/lab2/lab2/lab2.srcs/sources_1/imports/Desktop/riscv_single.sv:376]
WARNING: [filemgmt 20-1318] Duplicate Design Unit 'imem()' found in library 'xil_defaultlib'
Duplicate found at line 1 of file /home/11-comp-arch-f/Desktop/ecen4243S25QR/lab2/lab2/lab2.srcs/sources_1/imports/fpga/src/imem.sv
	(Active) Duplicate found at line 376 of file /home/11-comp-arch-f/Desktop/ecen4243S25QR/lab2/lab2/lab2.srcs/sources_1/imports/Desktop/riscv_single.sv
[Fri Mar 14 16:37:12 2025] Launched synth_1...
Run output will be captured here: /home/11-comp-arch-f/Desktop/ecen4243S25QR/lab2/lab2/lab2.runs/synth_1/runme.log
launch_runs impl_1 -jobs 10
[Fri Mar 14 16:37:45 2025] Launched impl_1...
Run output will be captured here: /home/11-comp-arch-f/Desktop/ecen4243S25QR/lab2/lab2/lab2.runs/impl_1/runme.log
launch_runs impl_1 -to_step write_bitstream -jobs 10
[Fri Mar 14 16:38:53 2025] Launched impl_1...
Run output will be captured here: /home/11-comp-arch-f/Desktop/ecen4243S25QR/lab2/lab2/lab2.runs/impl_1/runme.log
set_property PROBES.FILE {/home/11-comp-arch-f/Desktop/ecen4243S25QR/lab2/lab2/lab2.runs/impl_1/design_1_wrapper.ltx} [get_hw_devices xc7z020_1]
set_property FULL_PROBES.FILE {/home/11-comp-arch-f/Desktop/ecen4243S25QR/lab2/lab2/lab2.runs/impl_1/design_1_wrapper.ltx} [get_hw_devices xc7z020_1]
set_property PROGRAM.FILE {/home/11-comp-arch-f/Desktop/ecen4243S25QR/lab2/lab2/lab2.runs/impl_1/design_1_wrapper.bit} [get_hw_devices xc7z020_1]
program_hw_devices [get_hw_devices xc7z020_1]
INFO: [Labtools 27-3164] End of startup status: HIGH
refresh_hw_device [lindex [get_hw_devices xc7z020_1] 0]
INFO: [Labtools 27-2302] Device xc7z020 (JTAG device index = 1) is programmed with a design that has 1 ILA core(s).
display_hw_ila_data [ get_hw_ila_data hw_ila_data_1 -of_objects [get_hw_ilas -of_objects [get_hw_devices xc7z020_1] -filter {CELL_NAME=~"u_ila_0"}]]
run_hw_ila [get_hw_ilas -of_objects [get_hw_devices xc7z020_1] -filter {CELL_NAME=~"u_ila_0"}]
INFO: [Labtools 27-1964] The ILA core 'hw_ila_1' trigger was armed at 2025-Mar-14 16:39:35
wait_on_hw_ila [get_hw_ilas -of_objects [get_hw_devices xc7z020_1] -filter {CELL_NAME=~"u_ila_0"}]
display_hw_ila_data [upload_hw_ila_data [get_hw_ilas -of_objects [get_hw_devices xc7z020_1] -filter {CELL_NAME=~"u_ila_0"}]]
INFO: [Labtools 27-1966] The ILA core 'hw_ila_1' triggered at 2025-Mar-14 16:39:36
INFO: [Labtools 27-3304] ILA Waveform data saved to file /home/11-comp-arch-f/Desktop/ecen4243S25QR/lab2/lab2/lab2.hw/backup/hw_ila_data_1.ila. Use Tcl command 'read_hw_ila_data' or Vivado File->Import->Import ILA Data menu item to import the previously saved data.
run_hw_ila [get_hw_ilas -of_objects [get_hw_devices xc7z020_1] -filter {CELL_NAME=~"u_ila_0"}]
INFO: [Labtools 27-1964] The ILA core 'hw_ila_1' trigger was armed at 2025-Mar-14 16:40:39
wait_on_hw_ila [get_hw_ilas -of_objects [get_hw_devices xc7z020_1] -filter {CELL_NAME=~"u_ila_0"}]
display_hw_ila_data [upload_hw_ila_data [get_hw_ilas -of_objects [get_hw_devices xc7z020_1] -filter {CELL_NAME=~"u_ila_0"}]]
INFO: [Labtools 27-1966] The ILA core 'hw_ila_1' triggered at 2025-Mar-14 16:40:41
INFO: [Labtools 27-3304] ILA Waveform data saved to file /home/11-comp-arch-f/Desktop/ecen4243S25QR/lab2/lab2/lab2.hw/backup/hw_ila_data_1.ila. Use Tcl command 'read_hw_ila_data' or Vivado File->Import->Import ILA Data menu item to import the previously saved data.
WARNING: [filemgmt 56-199] Attempt to get parsing info during refresh. "On-the-fly" syntax checking information may be incorrect. [/home/11-comp-arch-f/Desktop/ecen4243S25QR/lab2/lab2/lab2.srcs/sources_1/imports/fpga/src/imem.sv:]
WARNING: [filemgmt 56-199] Attempt to get parsing info during refresh. "On-the-fly" syntax checking information may be incorrect. [/home/11-comp-arch-f/Desktop/ecen4243S25QR/lab2/lab2/lab2.srcs/sources_1/imports/Desktop/riscv_single.sv:]
reset_run synth_1
launch_runs synth_1 -jobs 10
WARNING: [HDL 9-3756] overwriting previous definition of module 'imem' [/home/11-comp-arch-f/Desktop/ecen4243S25QR/lab2/lab2/lab2.srcs/sources_1/imports/Desktop/riscv_single.sv:376]
WARNING: [filemgmt 20-1318] Duplicate Design Unit 'imem()' found in library 'xil_defaultlib'
Duplicate found at line 1 of file /home/11-comp-arch-f/Desktop/ecen4243S25QR/lab2/lab2/lab2.srcs/sources_1/imports/fpga/src/imem.sv
	(Active) Duplicate found at line 376 of file /home/11-comp-arch-f/Desktop/ecen4243S25QR/lab2/lab2/lab2.srcs/sources_1/imports/Desktop/riscv_single.sv
[Fri Mar 14 16:42:25 2025] Launched synth_1...
Run output will be captured here: /home/11-comp-arch-f/Desktop/ecen4243S25QR/lab2/lab2/lab2.runs/synth_1/runme.log
launch_runs impl_1 -jobs 10
[Fri Mar 14 16:42:53 2025] Launched impl_1...
Run output will be captured here: /home/11-comp-arch-f/Desktop/ecen4243S25QR/lab2/lab2/lab2.runs/impl_1/runme.log
launch_runs impl_1 -to_step write_bitstream -jobs 10
[Fri Mar 14 16:43:59 2025] Launched impl_1...
Run output will be captured here: /home/11-comp-arch-f/Desktop/ecen4243S25QR/lab2/lab2/lab2.runs/impl_1/runme.log
ERROR: [Labtoolstcl 44-513] HW Target shutdown. Closing target: localhost:3121/xilinx_tcf/Digilent/210014A24E4BA
INFO: [Labtoolstcl 44-466] Opening hw_target localhost:3121/xilinx_tcf/Digilent/210014A24E4BA
WARNING: [Labtoolstcl 44-129] No matching hw_ila_data was found.
INFO: [Labtools 27-1434] Device xc7z020 (JTAG device index = 1) is programmed with a design that has no supported debug core(s) in it.
WARNING: [Labtools 27-3361] The debug hub core was not detected.
Resolution: 
1. Make sure the clock connected to the debug hub (dbg_hub) core is a free running clock and is active.
2. Make sure the BSCAN_SWITCH_USER_MASK device property in Vivado Hardware Manager reflects the user scan chain setting in the design and refresh the device.  To determine the user scan chain setting in the design, open the implemented design and use 'get_property C_USER_SCAN_CHAIN [get_debug_cores dbg_hub]'.
For more details on setting the scan chain property, consult the Vivado Debug and Programming User Guide (UG908).
WARNING: [Labtools 27-3413] Dropping logic core with cellname:'u_ila_0' at location 'uuid_23E7D65A79BC59F7BC47406C1714DFAE' from probes file, since it cannot be found on the programmed device.
WARNING: [Labtoolstcl 44-129] No matching hw_ila_data was found.
set_property PROBES.FILE {/home/11-comp-arch-f/Desktop/ecen4243S25QR/lab2/lab2/lab2.runs/impl_1/design_1_wrapper.ltx} [get_hw_devices xc7z020_1]
set_property FULL_PROBES.FILE {/home/11-comp-arch-f/Desktop/ecen4243S25QR/lab2/lab2/lab2.runs/impl_1/design_1_wrapper.ltx} [get_hw_devices xc7z020_1]
set_property PROGRAM.FILE {/home/11-comp-arch-f/Desktop/ecen4243S25QR/lab2/lab2/lab2.runs/impl_1/design_1_wrapper.bit} [get_hw_devices xc7z020_1]
program_hw_devices [get_hw_devices xc7z020_1]
INFO: [Labtools 27-3164] End of startup status: HIGH
refresh_hw_device [lindex [get_hw_devices xc7z020_1] 0]
INFO: [Labtools 27-2302] Device xc7z020 (JTAG device index = 1) is programmed with a design that has 1 ILA core(s).
display_hw_ila_data [ get_hw_ila_data hw_ila_data_1 -of_objects [get_hw_ilas -of_objects [get_hw_devices xc7z020_1] -filter {CELL_NAME=~"u_ila_0"}]]
run_hw_ila [get_hw_ilas -of_objects [get_hw_devices xc7z020_1] -filter {CELL_NAME=~"u_ila_0"}]
INFO: [Labtools 27-1964] The ILA core 'hw_ila_1' trigger was armed at 2025-Mar-14 16:45:19
wait_on_hw_ila [get_hw_ilas -of_objects [get_hw_devices xc7z020_1] -filter {CELL_NAME=~"u_ila_0"}]
display_hw_ila_data [upload_hw_ila_data [get_hw_ilas -of_objects [get_hw_devices xc7z020_1] -filter {CELL_NAME=~"u_ila_0"}]]
INFO: [Labtools 27-1966] The ILA core 'hw_ila_1' triggered at 2025-Mar-14 16:45:20
INFO: [Labtools 27-3304] ILA Waveform data saved to file /home/11-comp-arch-f/Desktop/ecen4243S25QR/lab2/lab2/lab2.hw/backup/hw_ila_data_1.ila. Use Tcl command 'read_hw_ila_data' or Vivado File->Import->Import ILA Data menu item to import the previously saved data.
pwd
/home/11-comp-arch-f/Desktop
source setup.tls
couldn't read file "setup.tls": no such file or directory
source setup.tlc
couldn't read file "setup.tlc": no such file or directory
dir
WARNING: [Common 17-259] Unknown Tcl command 'dir' sending command to the OS shell for execution. It is recommended to use 'exec' to send the command to the OS shell.
cvw	     ecen4243S25QR    setup.tcl   vivado.log
ecen4243S25  riscv_single.sv  vivado.jou  vivado_pid2776.str
source setup.tcl
# import_files -norecurse riscv_single.sv
WARNING: [filemgmt 20-354] The following file(s) were not imported. Local copy of file(s) already exists:
/home/11-comp-arch-f/Desktop/riscv_single.sv
Hint: use the '-force' option to overwrite the local copies.
# update_compile_order -fileset sources_1
WARNING: [filemgmt 56-199] Attempt to get parsing info during refresh. "On-the-fly" syntax checking information may be incorrect. [/home/11-comp-arch-f/Desktop/ecen4243S25QR/lab2/lab2/lab2.srcs/sources_1/imports/fpga/src/imem.sv:]
WARNING: [filemgmt 56-199] Attempt to get parsing info during refresh. "On-the-fly" syntax checking information may be incorrect. [/home/11-comp-arch-f/Desktop/ecen4243S25QR/lab2/lab2/lab2.srcs/sources_1/imports/Desktop/riscv_single.sv:]
# reset_run synth_1
# launch_runs impl_1 -to_step write_bitstream -jobs 5
WARNING: [filemgmt 56-199] Attempt to get parsing info during refresh. "On-the-fly" syntax checking information may be incorrect. [/home/11-comp-arch-f/Desktop/ecen4243S25QR/lab2/lab2/lab2.srcs/sources_1/imports/fpga/src/imem.sv:]
WARNING: [filemgmt 56-199] Attempt to get parsing info during refresh. "On-the-fly" syntax checking information may be incorrect. [/home/11-comp-arch-f/Desktop/ecen4243S25QR/lab2/lab2/lab2.srcs/sources_1/imports/Desktop/riscv_single.sv:]
[Fri Mar 14 16:48:45 2025] Launched synth_1...
Run output will be captured here: /home/11-comp-arch-f/Desktop/ecen4243S25QR/lab2/lab2/lab2.runs/synth_1/runme.log
[Fri Mar 14 16:48:45 2025] Launched impl_1...
Run output will be captured here: /home/11-comp-arch-f/Desktop/ecen4243S25QR/lab2/lab2/lab2.runs/impl_1/runme.log
ERROR: [Labtoolstcl 44-513] HW Target shutdown. Closing target: localhost:3121/xilinx_tcf/Digilent/210014A24E4BA
INFO: [Labtoolstcl 44-466] Opening hw_target localhost:3121/xilinx_tcf/Digilent/210014A24E4BA
WARNING: [Labtoolstcl 44-129] No matching hw_ila_data was found.
INFO: [Labtools 27-1434] Device xc7z020 (JTAG device index = 1) is programmed with a design that has no supported debug core(s) in it.
WARNING: [Labtools 27-3361] The debug hub core was not detected.
Resolution: 
1. Make sure the clock connected to the debug hub (dbg_hub) core is a free running clock and is active.
2. Make sure the BSCAN_SWITCH_USER_MASK device property in Vivado Hardware Manager reflects the user scan chain setting in the design and refresh the device.  To determine the user scan chain setting in the design, open the implemented design and use 'get_property C_USER_SCAN_CHAIN [get_debug_cores dbg_hub]'.
For more details on setting the scan chain property, consult the Vivado Debug and Programming User Guide (UG908).
WARNING: [Labtools 27-3413] Dropping logic core with cellname:'u_ila_0' at location 'uuid_23E7D65A79BC59F7BC47406C1714DFAE' from probes file, since it cannot be found on the programmed device.
WARNING: [Labtoolstcl 44-129] No matching hw_ila_data was found.
set_property PROBES.FILE {/home/11-comp-arch-f/Desktop/ecen4243S25QR/lab2/lab2/lab2.runs/impl_1/design_1_wrapper.ltx} [get_hw_devices xc7z020_1]
set_property FULL_PROBES.FILE {/home/11-comp-arch-f/Desktop/ecen4243S25QR/lab2/lab2/lab2.runs/impl_1/design_1_wrapper.ltx} [get_hw_devices xc7z020_1]
set_property PROGRAM.FILE {/home/11-comp-arch-f/Desktop/ecen4243S25QR/lab2/lab2/lab2.runs/impl_1/design_1_wrapper.bit} [get_hw_devices xc7z020_1]
program_hw_devices [get_hw_devices xc7z020_1]
INFO: [Labtools 27-3164] End of startup status: HIGH
refresh_hw_device [lindex [get_hw_devices xc7z020_1] 0]
INFO: [Labtools 27-2302] Device xc7z020 (JTAG device index = 1) is programmed with a design that has 1 ILA core(s).
display_hw_ila_data [ get_hw_ila_data hw_ila_data_1 -of_objects [get_hw_ilas -of_objects [get_hw_devices xc7z020_1] -filter {CELL_NAME=~"u_ila_0"}]]
run_hw_ila [get_hw_ilas -of_objects [get_hw_devices xc7z020_1] -filter {CELL_NAME=~"u_ila_0"}]
INFO: [Labtools 27-1964] The ILA core 'hw_ila_1' trigger was armed at 2025-Mar-14 16:50:43
wait_on_hw_ila [get_hw_ilas -of_objects [get_hw_devices xc7z020_1] -filter {CELL_NAME=~"u_ila_0"}]
display_hw_ila_data [upload_hw_ila_data [get_hw_ilas -of_objects [get_hw_devices xc7z020_1] -filter {CELL_NAME=~"u_ila_0"}]]
INFO: [Labtools 27-1966] The ILA core 'hw_ila_1' triggered at 2025-Mar-14 16:50:44
INFO: [Labtools 27-3304] ILA Waveform data saved to file /home/11-comp-arch-f/Desktop/ecen4243S25QR/lab2/lab2/lab2.hw/backup/hw_ila_data_1.ila. Use Tcl command 'read_hw_ila_data' or Vivado File->Import->Import ILA Data menu item to import the previously saved data.
WARNING: [filemgmt 56-199] Attempt to get parsing info during refresh. "On-the-fly" syntax checking information may be incorrect. [/home/11-comp-arch-f/Desktop/ecen4243S25QR/lab2/lab2/lab2.srcs/sources_1/imports/fpga/src/imem.sv:]
WARNING: [filemgmt 56-199] Attempt to get parsing info during refresh. "On-the-fly" syntax checking information may be incorrect. [/home/11-comp-arch-f/Desktop/riscv_single.sv:]
WARNING: [filemgmt 56-199] Attempt to get parsing info during refresh. "On-the-fly" syntax checking information may be incorrect. [/home/11-comp-arch-f/Desktop/ecen4243S25QR/lab2/lab2/lab2.srcs/sources_1/imports/Desktop/riscv_single.sv:]
WARNING: [filemgmt 56-199] Attempt to get parsing info during refresh. "On-the-fly" syntax checking information may be incorrect. [/home/11-comp-arch-f/Desktop/ecen4243S25QR/lab2/lab2/lab2.srcs/sources_1/imports/fpga/src/imem.sv:]
WARNING: [filemgmt 56-199] Attempt to get parsing info during refresh. "On-the-fly" syntax checking information may be incorrect. [/home/11-comp-arch-f/Desktop/riscv_single.sv:]
WARNING: [filemgmt 56-199] Attempt to get parsing info during refresh. "On-the-fly" syntax checking information may be incorrect. [/home/11-comp-arch-f/Desktop/ecen4243S25QR/lab2/lab2/lab2.srcs/sources_1/imports/Desktop/riscv_single.sv:]
source setup.tcl
# import_files -norecurse riscv_single.sv
WARNING: [filemgmt 20-354] The following file(s) were not imported. Local copy of file(s) already exists:
/home/11-comp-arch-f/Desktop/riscv_single.sv
Hint: use the '-force' option to overwrite the local copies.
# update_compile_order -fileset sources_1
# reset_run synth_1
# launch_runs impl_1 -to_step write_bitstream -jobs 5
[Fri Mar 14 16:53:03 2025] Launched synth_1...
Run output will be captured here: /home/11-comp-arch-f/Desktop/ecen4243S25QR/lab2/lab2/lab2.runs/synth_1/runme.log
[Fri Mar 14 16:53:03 2025] Launched impl_1...
Run output will be captured here: /home/11-comp-arch-f/Desktop/ecen4243S25QR/lab2/lab2/lab2.runs/impl_1/runme.log
ERROR: [Labtoolstcl 44-513] HW Target shutdown. Closing target: localhost:3121/xilinx_tcf/Digilent/210014A24E4BA
INFO: [Labtoolstcl 44-466] Opening hw_target localhost:3121/xilinx_tcf/Digilent/210014A24E4BA
WARNING: [Labtoolstcl 44-129] No matching hw_ila_data was found.
INFO: [Labtools 27-1434] Device xc7z020 (JTAG device index = 1) is programmed with a design that has no supported debug core(s) in it.
WARNING: [Labtools 27-3361] The debug hub core was not detected.
Resolution: 
1. Make sure the clock connected to the debug hub (dbg_hub) core is a free running clock and is active.
2. Make sure the BSCAN_SWITCH_USER_MASK device property in Vivado Hardware Manager reflects the user scan chain setting in the design and refresh the device.  To determine the user scan chain setting in the design, open the implemented design and use 'get_property C_USER_SCAN_CHAIN [get_debug_cores dbg_hub]'.
For more details on setting the scan chain property, consult the Vivado Debug and Programming User Guide (UG908).
WARNING: [Labtools 27-3413] Dropping logic core with cellname:'u_ila_0' at location 'uuid_23E7D65A79BC59F7BC47406C1714DFAE' from probes file, since it cannot be found on the programmed device.
WARNING: [Labtoolstcl 44-129] No matching hw_ila_data was found.
set_property PROBES.FILE {/home/11-comp-arch-f/Desktop/ecen4243S25QR/lab2/lab2/lab2.runs/impl_1/design_1_wrapper.ltx} [get_hw_devices xc7z020_1]
set_property FULL_PROBES.FILE {/home/11-comp-arch-f/Desktop/ecen4243S25QR/lab2/lab2/lab2.runs/impl_1/design_1_wrapper.ltx} [get_hw_devices xc7z020_1]
set_property PROGRAM.FILE {/home/11-comp-arch-f/Desktop/ecen4243S25QR/lab2/lab2/lab2.runs/impl_1/design_1_wrapper.bit} [get_hw_devices xc7z020_1]
program_hw_devices [get_hw_devices xc7z020_1]
INFO: [Labtools 27-3164] End of startup status: HIGH
refresh_hw_device [lindex [get_hw_devices xc7z020_1] 0]
INFO: [Labtools 27-2302] Device xc7z020 (JTAG device index = 1) is programmed with a design that has 1 ILA core(s).
display_hw_ila_data [ get_hw_ila_data hw_ila_data_1 -of_objects [get_hw_ilas -of_objects [get_hw_devices xc7z020_1] -filter {CELL_NAME=~"u_ila_0"}]]
run_hw_ila [get_hw_ilas -of_objects [get_hw_devices xc7z020_1] -filter {CELL_NAME=~"u_ila_0"}]
INFO: [Labtools 27-1964] The ILA core 'hw_ila_1' trigger was armed at 2025-Mar-14 16:55:02
wait_on_hw_ila [get_hw_ilas -of_objects [get_hw_devices xc7z020_1] -filter {CELL_NAME=~"u_ila_0"}]
display_hw_ila_data [upload_hw_ila_data [get_hw_ilas -of_objects [get_hw_devices xc7z020_1] -filter {CELL_NAME=~"u_ila_0"}]]
INFO: [Labtools 27-1966] The ILA core 'hw_ila_1' triggered at 2025-Mar-14 16:55:04
INFO: [Labtools 27-3304] ILA Waveform data saved to file /home/11-comp-arch-f/Desktop/ecen4243S25QR/lab2/lab2/lab2.hw/backup/hw_ila_data_1.ila. Use Tcl command 'read_hw_ila_data' or Vivado File->Import->Import ILA Data menu item to import the previously saved data.
add_files -norecurse /home/11-comp-arch-f/Desktop/ecen4243S25QR/lab2/lab2/lab2.srcs/sources_1/imports/fpga/src/top.v
WARNING: [filemgmt 56-12] File '/home/11-comp-arch-f/Desktop/ecen4243S25QR/lab2/lab2/lab2.srcs/sources_1/imports/fpga/src/top.v' cannot be added to the project because it already exists in the project, skipping this file
open_run synth_1 -name synth_1
Design is defaulting to impl run constrset: constrs_1
Design is defaulting to synth run part: xc7z020clg484-1
INFO: [Project 1-454] Reading design checkpoint '/home/11-comp-arch-f/Desktop/ecen4243S25QR/lab2/lab2/lab2.srcs/sources_1/bd/design_1/ip/design_1_AXI_Converter_0_0/design_1_AXI_Converter_0_0.dcp' for cell 'design_1_i/AXI_Converter_0'
INFO: [Project 1-454] Reading design checkpoint '/home/11-comp-arch-f/Desktop/ecen4243S25QR/lab2/lab2/lab2.srcs/sources_1/bd/design_1/ip/design_1_axi_smc_0/design_1_axi_smc_0.dcp' for cell 'design_1_i/axi_smc'
INFO: [Project 1-454] Reading design checkpoint '/home/11-comp-arch-f/Desktop/ecen4243S25QR/lab2/lab2/lab2.srcs/sources_1/bd/design_1/ip/design_1_processing_system7_0_0/design_1_processing_system7_0_0.dcp' for cell 'design_1_i/processing_system7_0'
INFO: [Project 1-454] Reading design checkpoint '/home/11-comp-arch-f/Desktop/ecen4243S25QR/lab2/lab2/lab2.srcs/sources_1/bd/design_1/ip/design_1_rst_ps7_0_50M_0/design_1_rst_ps7_0_50M_0.dcp' for cell 'design_1_i/rst_ps7_0_50M'
INFO: [Project 1-454] Reading design checkpoint '/home/11-comp-arch-f/Desktop/ecen4243S25QR/lab2/lab2/lab2.srcs/sources_1/bd/design_1/ip/design_1_top_0_0/design_1_top_0_0.dcp' for cell 'design_1_i/top_0'
Netlist sorting complete. Time (s): cpu = 00:00:00.07 ; elapsed = 00:00:00.06 . Memory (MB): peak = 9857.004 ; gain = 0.000 ; free physical = 5636 ; free virtual = 12568
INFO: [Netlist 29-17] Analyzing 163 Unisim elements for replacement
INFO: [Netlist 29-28] Unisim Transformation completed in 0 CPU seconds
INFO: [Project 1-479] Netlist was created with Vivado 2023.2
INFO: [Project 1-570] Preparing netlist for logic optimization
Parsing XDC File [/home/11-comp-arch-f/Desktop/ecen4243S25QR/lab2/lab2/lab2.srcs/sources_1/bd/design_1/ip/design_1_processing_system7_0_0/design_1_processing_system7_0_0.xdc] for cell 'design_1_i/processing_system7_0/inst'
Finished Parsing XDC File [/home/11-comp-arch-f/Desktop/ecen4243S25QR/lab2/lab2/lab2.srcs/sources_1/bd/design_1/ip/design_1_processing_system7_0_0/design_1_processing_system7_0_0.xdc] for cell 'design_1_i/processing_system7_0/inst'
Parsing XDC File [/home/11-comp-arch-f/Desktop/ecen4243S25QR/lab2/lab2/lab2.srcs/sources_1/bd/design_1/ip/design_1_axi_smc_0/bd_0/ip/ip_1/bd_afc3_psr_aclk_0_board.xdc] for cell 'design_1_i/axi_smc/inst/clk_map/psr_aclk/U0'
Finished Parsing XDC File [/home/11-comp-arch-f/Desktop/ecen4243S25QR/lab2/lab2/lab2.srcs/sources_1/bd/design_1/ip/design_1_axi_smc_0/bd_0/ip/ip_1/bd_afc3_psr_aclk_0_board.xdc] for cell 'design_1_i/axi_smc/inst/clk_map/psr_aclk/U0'
Parsing XDC File [/home/11-comp-arch-f/Desktop/ecen4243S25QR/lab2/lab2/lab2.srcs/sources_1/bd/design_1/ip/design_1_axi_smc_0/bd_0/ip/ip_1/bd_afc3_psr_aclk_0.xdc] for cell 'design_1_i/axi_smc/inst/clk_map/psr_aclk/U0'
Finished Parsing XDC File [/home/11-comp-arch-f/Desktop/ecen4243S25QR/lab2/lab2/lab2.srcs/sources_1/bd/design_1/ip/design_1_axi_smc_0/bd_0/ip/ip_1/bd_afc3_psr_aclk_0.xdc] for cell 'design_1_i/axi_smc/inst/clk_map/psr_aclk/U0'
Parsing XDC File [/home/11-comp-arch-f/Desktop/ecen4243S25QR/lab2/lab2/lab2.srcs/sources_1/bd/design_1/ip/design_1_axi_smc_0/bd_0/ip/ip_6/bd_afc3_sarn_0_clocks.xdc] for cell 'design_1_i/axi_smc/inst/s00_nodes/s00_ar_node/inst'
WARNING: [Vivado_Tcl 4-921] Waiver ID 'CDC-1' -to list should not be empty. [/home/11-comp-arch-f/Desktop/ecen4243S25QR/lab2/lab2/lab2.srcs/sources_1/bd/design_1/ip/design_1_axi_smc_0/bd_0/ip/ip_6/bd_afc3_sarn_0_clocks.xdc:49]
WARNING: [Vivado_Tcl 4-921] Waiver ID 'CDC-1' -to list should not be empty. [/home/11-comp-arch-f/Desktop/ecen4243S25QR/lab2/lab2/lab2.srcs/sources_1/bd/design_1/ip/design_1_axi_smc_0/bd_0/ip/ip_6/bd_afc3_sarn_0_clocks.xdc:52]
WARNING: [Vivado_Tcl 4-921] Waiver ID 'CDC-1' -to list should not be empty. [/home/11-comp-arch-f/Desktop/ecen4243S25QR/lab2/lab2/lab2.srcs/sources_1/bd/design_1/ip/design_1_axi_smc_0/bd_0/ip/ip_6/bd_afc3_sarn_0_clocks.xdc:55]
WARNING: [Vivado_Tcl 4-921] Waiver ID 'CDC-1' -to list should not be empty. [/home/11-comp-arch-f/Desktop/ecen4243S25QR/lab2/lab2/lab2.srcs/sources_1/bd/design_1/ip/design_1_axi_smc_0/bd_0/ip/ip_6/bd_afc3_sarn_0_clocks.xdc:59]
WARNING: [Vivado_Tcl 4-921] Waiver ID 'CDC-1' -to list should not be empty. [/home/11-comp-arch-f/Desktop/ecen4243S25QR/lab2/lab2/lab2.srcs/sources_1/bd/design_1/ip/design_1_axi_smc_0/bd_0/ip/ip_6/bd_afc3_sarn_0_clocks.xdc:63]
WARNING: [Vivado_Tcl 4-921] Waiver ID 'CDC-1' -to list should not be empty. [/home/11-comp-arch-f/Desktop/ecen4243S25QR/lab2/lab2/lab2.srcs/sources_1/bd/design_1/ip/design_1_axi_smc_0/bd_0/ip/ip_6/bd_afc3_sarn_0_clocks.xdc:66]
WARNING: [Vivado_Tcl 4-921] Waiver ID 'CDC-1' -to list should not be empty. [/home/11-comp-arch-f/Desktop/ecen4243S25QR/lab2/lab2/lab2.srcs/sources_1/bd/design_1/ip/design_1_axi_smc_0/bd_0/ip/ip_6/bd_afc3_sarn_0_clocks.xdc:70]
WARNING: [Vivado_Tcl 4-921] Waiver ID 'CDC-1' -to list should not be empty. [/home/11-comp-arch-f/Desktop/ecen4243S25QR/lab2/lab2/lab2.srcs/sources_1/bd/design_1/ip/design_1_axi_smc_0/bd_0/ip/ip_6/bd_afc3_sarn_0_clocks.xdc:73]
WARNING: [Vivado_Tcl 4-921] Waiver ID 'CDC-1' -to list should not be empty. [/home/11-comp-arch-f/Desktop/ecen4243S25QR/lab2/lab2/lab2.srcs/sources_1/bd/design_1/ip/design_1_axi_smc_0/bd_0/ip/ip_6/bd_afc3_sarn_0_clocks.xdc:76]
WARNING: [Vivado_Tcl 4-921] Waiver ID 'CDC-1' -to list should not be empty. [/home/11-comp-arch-f/Desktop/ecen4243S25QR/lab2/lab2/lab2.srcs/sources_1/bd/design_1/ip/design_1_axi_smc_0/bd_0/ip/ip_6/bd_afc3_sarn_0_clocks.xdc:79]
WARNING: [Vivado_Tcl 4-921] Waiver ID 'CDC-1' -to list should not be empty. [/home/11-comp-arch-f/Desktop/ecen4243S25QR/lab2/lab2/lab2.srcs/sources_1/bd/design_1/ip/design_1_axi_smc_0/bd_0/ip/ip_6/bd_afc3_sarn_0_clocks.xdc:82]
WARNING: [Vivado_Tcl 4-921] Waiver ID 'CDC-4' -to list should not be empty. [/home/11-comp-arch-f/Desktop/ecen4243S25QR/lab2/lab2/lab2.srcs/sources_1/bd/design_1/ip/design_1_axi_smc_0/bd_0/ip/ip_6/bd_afc3_sarn_0_clocks.xdc:85]
WARNING: [Vivado_Tcl 4-921] Waiver ID 'CDC-4' -to list should not be empty. [/home/11-comp-arch-f/Desktop/ecen4243S25QR/lab2/lab2/lab2.srcs/sources_1/bd/design_1/ip/design_1_axi_smc_0/bd_0/ip/ip_6/bd_afc3_sarn_0_clocks.xdc:88]
WARNING: [Vivado_Tcl 4-921] Waiver ID 'CDC-2' -to list should not be empty. [/home/11-comp-arch-f/Desktop/ecen4243S25QR/lab2/lab2/lab2.srcs/sources_1/bd/design_1/ip/design_1_axi_smc_0/bd_0/ip/ip_6/bd_afc3_sarn_0_clocks.xdc:91]
WARNING: [Vivado_Tcl 4-921] Waiver ID 'CDC-2' -to list should not be empty. [/home/11-comp-arch-f/Desktop/ecen4243S25QR/lab2/lab2/lab2.srcs/sources_1/bd/design_1/ip/design_1_axi_smc_0/bd_0/ip/ip_6/bd_afc3_sarn_0_clocks.xdc:94]
WARNING: [Vivado_Tcl 4-921] Waiver ID 'CDC-2' -to list should not be empty. [/home/11-comp-arch-f/Desktop/ecen4243S25QR/lab2/lab2/lab2.srcs/sources_1/bd/design_1/ip/design_1_axi_smc_0/bd_0/ip/ip_6/bd_afc3_sarn_0_clocks.xdc:97]
WARNING: [Vivado_Tcl 4-921] Waiver ID 'CDC-2' -to list should not be empty. [/home/11-comp-arch-f/Desktop/ecen4243S25QR/lab2/lab2/lab2.srcs/sources_1/bd/design_1/ip/design_1_axi_smc_0/bd_0/ip/ip_6/bd_afc3_sarn_0_clocks.xdc:100]
WARNING: [Vivado_Tcl 4-921] Waiver ID 'CDC-1' -to list should not be empty. [/home/11-comp-arch-f/Desktop/ecen4243S25QR/lab2/lab2/lab2.srcs/sources_1/bd/design_1/ip/design_1_axi_smc_0/bd_0/ip/ip_6/bd_afc3_sarn_0_clocks.xdc:104]
WARNING: [Vivado_Tcl 4-921] Waiver ID 'CDC-10' -to list should not be empty. [/home/11-comp-arch-f/Desktop/ecen4243S25QR/lab2/lab2/lab2.srcs/sources_1/bd/design_1/ip/design_1_axi_smc_0/bd_0/ip/ip_6/bd_afc3_sarn_0_clocks.xdc:107]
WARNING: [Vivado_Tcl 4-921] Waiver ID 'CDC-10' -to list should not be empty. [/home/11-comp-arch-f/Desktop/ecen4243S25QR/lab2/lab2/lab2.srcs/sources_1/bd/design_1/ip/design_1_axi_smc_0/bd_0/ip/ip_6/bd_afc3_sarn_0_clocks.xdc:110]
WARNING: [Vivado_Tcl 4-921] Waiver ID 'CDC-1' -to list should not be empty. [/home/11-comp-arch-f/Desktop/ecen4243S25QR/lab2/lab2/lab2.srcs/sources_1/bd/design_1/ip/design_1_axi_smc_0/bd_0/ip/ip_6/bd_afc3_sarn_0_clocks.xdc:113]
WARNING: [Vivado_Tcl 4-921] Waiver ID 'CDC-1' -to list should not be empty. [/home/11-comp-arch-f/Desktop/ecen4243S25QR/lab2/lab2/lab2.srcs/sources_1/bd/design_1/ip/design_1_axi_smc_0/bd_0/ip/ip_6/bd_afc3_sarn_0_clocks.xdc:116]
WARNING: [Vivado_Tcl 4-921] Waiver ID 'CDC-1' -to list should not be empty. [/home/11-comp-arch-f/Desktop/ecen4243S25QR/lab2/lab2/lab2.srcs/sources_1/bd/design_1/ip/design_1_axi_smc_0/bd_0/ip/ip_6/bd_afc3_sarn_0_clocks.xdc:119]
WARNING: [Vivado_Tcl 4-921] Waiver ID 'CDC-13' -to list should not be empty. [/home/11-comp-arch-f/Desktop/ecen4243S25QR/lab2/lab2/lab2.srcs/sources_1/bd/design_1/ip/design_1_axi_smc_0/bd_0/ip/ip_6/bd_afc3_sarn_0_clocks.xdc:122]
WARNING: [Vivado_Tcl 4-921] Waiver ID 'CDC-1' -to list should not be empty. [/home/11-comp-arch-f/Desktop/ecen4243S25QR/lab2/lab2/lab2.srcs/sources_1/bd/design_1/ip/design_1_axi_smc_0/bd_0/ip/ip_6/bd_afc3_sarn_0_clocks.xdc:125]
WARNING: [Vivado_Tcl 4-921] Waiver ID 'CDC-1' -to list should not be empty. [/home/11-comp-arch-f/Desktop/ecen4243S25QR/lab2/lab2/lab2.srcs/sources_1/bd/design_1/ip/design_1_axi_smc_0/bd_0/ip/ip_6/bd_afc3_sarn_0_clocks.xdc:128]
WARNING: [Vivado_Tcl 4-921] Waiver ID 'CDC-13' -to list should not be empty. [/home/11-comp-arch-f/Desktop/ecen4243S25QR/lab2/lab2/lab2.srcs/sources_1/bd/design_1/ip/design_1_axi_smc_0/bd_0/ip/ip_6/bd_afc3_sarn_0_clocks.xdc:131]
WARNING: [Vivado_Tcl 4-921] Waiver ID 'CDC-1' -to list should not be empty. [/home/11-comp-arch-f/Desktop/ecen4243S25QR/lab2/lab2/lab2.srcs/sources_1/bd/design_1/ip/design_1_axi_smc_0/bd_0/ip/ip_6/bd_afc3_sarn_0_clocks.xdc:134]
WARNING: [Vivado_Tcl 4-921] Waiver ID 'CDC-10' -to list should not be empty. [/home/11-comp-arch-f/Desktop/ecen4243S25QR/lab2/lab2/lab2.srcs/sources_1/bd/design_1/ip/design_1_axi_smc_0/bd_0/ip/ip_6/bd_afc3_sarn_0_clocks.xdc:137]
WARNING: [Vivado_Tcl 4-921] Waiver ID 'CDC-1' -to list should not be empty. [/home/11-comp-arch-f/Desktop/ecen4243S25QR/lab2/lab2/lab2.srcs/sources_1/bd/design_1/ip/design_1_axi_smc_0/bd_0/ip/ip_6/bd_afc3_sarn_0_clocks.xdc:140]
WARNING: [Vivado_Tcl 4-921] Waiver ID 'CDC-1' -to list should not be empty. [/home/11-comp-arch-f/Desktop/ecen4243S25QR/lab2/lab2/lab2.srcs/sources_1/bd/design_1/ip/design_1_axi_smc_0/bd_0/ip/ip_6/bd_afc3_sarn_0_clocks.xdc:143]
WARNING: [Vivado_Tcl 4-921] Waiver ID 'CDC-1' -to list should not be empty. [/home/11-comp-arch-f/Desktop/ecen4243S25QR/lab2/lab2/lab2.srcs/sources_1/bd/design_1/ip/design_1_axi_smc_0/bd_0/ip/ip_6/bd_afc3_sarn_0_clocks.xdc:146]
WARNING: [Vivado_Tcl 4-921] Waiver ID 'CDC-2' -to list should not be empty. [/home/11-comp-arch-f/Desktop/ecen4243S25QR/lab2/lab2/lab2.srcs/sources_1/bd/design_1/ip/design_1_axi_smc_0/bd_0/ip/ip_6/bd_afc3_sarn_0_clocks.xdc:149]
WARNING: [Vivado_Tcl 4-921] Waiver ID 'CDC-1' -to list should not be empty. [/home/11-comp-arch-f/Desktop/ecen4243S25QR/lab2/lab2/lab2.srcs/sources_1/bd/design_1/ip/design_1_axi_smc_0/bd_0/ip/ip_6/bd_afc3_sarn_0_clocks.xdc:152]
WARNING: [Vivado_Tcl 4-921] Waiver ID 'CDC-1' -to list should not be empty. [/home/11-comp-arch-f/Desktop/ecen4243S25QR/lab2/lab2/lab2.srcs/sources_1/bd/design_1/ip/design_1_axi_smc_0/bd_0/ip/ip_6/bd_afc3_sarn_0_clocks.xdc:155]
WARNING: [Vivado_Tcl 4-921] Waiver ID 'CDC-1' -to list should not be empty. [/home/11-comp-arch-f/Desktop/ecen4243S25QR/lab2/lab2/lab2.srcs/sources_1/bd/design_1/ip/design_1_axi_smc_0/bd_0/ip/ip_6/bd_afc3_sarn_0_clocks.xdc:158]
WARNING: [Vivado_Tcl 4-921] Waiver ID 'CDC-10' -to list should not be empty. [/home/11-comp-arch-f/Desktop/ecen4243S25QR/lab2/lab2/lab2.srcs/sources_1/bd/design_1/ip/design_1_axi_smc_0/bd_0/ip/ip_6/bd_afc3_sarn_0_clocks.xdc:161]
WARNING: [Vivado_Tcl 4-921] Waiver ID 'CDC-4' -to list should not be empty. [/home/11-comp-arch-f/Desktop/ecen4243S25QR/lab2/lab2/lab2.srcs/sources_1/bd/design_1/ip/design_1_axi_smc_0/bd_0/ip/ip_6/bd_afc3_sarn_0_clocks.xdc:164]
WARNING: [Vivado_Tcl 4-921] Waiver ID 'CDC-4' -to list should not be empty. [/home/11-comp-arch-f/Desktop/ecen4243S25QR/lab2/lab2/lab2.srcs/sources_1/bd/design_1/ip/design_1_axi_smc_0/bd_0/ip/ip_6/bd_afc3_sarn_0_clocks.xdc:167]
WARNING: [Vivado_Tcl 4-921] Waiver ID 'CDC-4' -to list should not be empty. [/home/11-comp-arch-f/Desktop/ecen4243S25QR/lab2/lab2/lab2.srcs/sources_1/bd/design_1/ip/design_1_axi_smc_0/bd_0/ip/ip_6/bd_afc3_sarn_0_clocks.xdc:171]
WARNING: [Vivado_Tcl 4-921] Waiver ID 'CDC-4' -to list should not be empty. [/home/11-comp-arch-f/Desktop/ecen4243S25QR/lab2/lab2/lab2.srcs/sources_1/bd/design_1/ip/design_1_axi_smc_0/bd_0/ip/ip_6/bd_afc3_sarn_0_clocks.xdc:174]
WARNING: [Vivado_Tcl 4-921] Waiver ID 'CDC-1' -to list should not be empty. [/home/11-comp-arch-f/Desktop/ecen4243S25QR/lab2/lab2/lab2.srcs/sources_1/bd/design_1/ip/design_1_axi_smc_0/bd_0/ip/ip_6/bd_afc3_sarn_0_clocks.xdc:178]
Finished Parsing XDC File [/home/11-comp-arch-f/Desktop/ecen4243S25QR/lab2/lab2/lab2.srcs/sources_1/bd/design_1/ip/design_1_axi_smc_0/bd_0/ip/ip_6/bd_afc3_sarn_0_clocks.xdc] for cell 'design_1_i/axi_smc/inst/s00_nodes/s00_ar_node/inst'
Parsing XDC File [/home/11-comp-arch-f/Desktop/ecen4243S25QR/lab2/lab2/lab2.srcs/sources_1/bd/design_1/ip/design_1_axi_smc_0/bd_0/ip/ip_7/bd_afc3_srn_0_clocks.xdc] for cell 'design_1_i/axi_smc/inst/s00_nodes/s00_r_node/inst'
WARNING: [Vivado_Tcl 4-921] Waiver ID 'CDC-1' -to list should not be empty. [/home/11-comp-arch-f/Desktop/ecen4243S25QR/lab2/lab2/lab2.srcs/sources_1/bd/design_1/ip/design_1_axi_smc_0/bd_0/ip/ip_7/bd_afc3_srn_0_clocks.xdc:49]
WARNING: [Vivado_Tcl 4-921] Waiver ID 'CDC-1' -to list should not be empty. [/home/11-comp-arch-f/Desktop/ecen4243S25QR/lab2/lab2/lab2.srcs/sources_1/bd/design_1/ip/design_1_axi_smc_0/bd_0/ip/ip_7/bd_afc3_srn_0_clocks.xdc:52]
WARNING: [Vivado_Tcl 4-921] Waiver ID 'CDC-1' -to list should not be empty. [/home/11-comp-arch-f/Desktop/ecen4243S25QR/lab2/lab2/lab2.srcs/sources_1/bd/design_1/ip/design_1_axi_smc_0/bd_0/ip/ip_7/bd_afc3_srn_0_clocks.xdc:55]
WARNING: [Vivado_Tcl 4-921] Waiver ID 'CDC-1' -to list should not be empty. [/home/11-comp-arch-f/Desktop/ecen4243S25QR/lab2/lab2/lab2.srcs/sources_1/bd/design_1/ip/design_1_axi_smc_0/bd_0/ip/ip_7/bd_afc3_srn_0_clocks.xdc:59]
WARNING: [Vivado_Tcl 4-921] Waiver ID 'CDC-1' -to list should not be empty. [/home/11-comp-arch-f/Desktop/ecen4243S25QR/lab2/lab2/lab2.srcs/sources_1/bd/design_1/ip/design_1_axi_smc_0/bd_0/ip/ip_7/bd_afc3_srn_0_clocks.xdc:63]
WARNING: [Vivado_Tcl 4-921] Waiver ID 'CDC-1' -to list should not be empty. [/home/11-comp-arch-f/Desktop/ecen4243S25QR/lab2/lab2/lab2.srcs/sources_1/bd/design_1/ip/design_1_axi_smc_0/bd_0/ip/ip_7/bd_afc3_srn_0_clocks.xdc:66]
WARNING: [Vivado_Tcl 4-921] Waiver ID 'CDC-1' -to list should not be empty. [/home/11-comp-arch-f/Desktop/ecen4243S25QR/lab2/lab2/lab2.srcs/sources_1/bd/design_1/ip/design_1_axi_smc_0/bd_0/ip/ip_7/bd_afc3_srn_0_clocks.xdc:70]
WARNING: [Vivado_Tcl 4-921] Waiver ID 'CDC-1' -to list should not be empty. [/home/11-comp-arch-f/Desktop/ecen4243S25QR/lab2/lab2/lab2.srcs/sources_1/bd/design_1/ip/design_1_axi_smc_0/bd_0/ip/ip_7/bd_afc3_srn_0_clocks.xdc:73]
WARNING: [Vivado_Tcl 4-921] Waiver ID 'CDC-1' -to list should not be empty. [/home/11-comp-arch-f/Desktop/ecen4243S25QR/lab2/lab2/lab2.srcs/sources_1/bd/design_1/ip/design_1_axi_smc_0/bd_0/ip/ip_7/bd_afc3_srn_0_clocks.xdc:76]
WARNING: [Vivado_Tcl 4-921] Waiver ID 'CDC-1' -to list should not be empty. [/home/11-comp-arch-f/Desktop/ecen4243S25QR/lab2/lab2/lab2.srcs/sources_1/bd/design_1/ip/design_1_axi_smc_0/bd_0/ip/ip_7/bd_afc3_srn_0_clocks.xdc:79]
WARNING: [Vivado_Tcl 4-921] Waiver ID 'CDC-1' -to list should not be empty. [/home/11-comp-arch-f/Desktop/ecen4243S25QR/lab2/lab2/lab2.srcs/sources_1/bd/design_1/ip/design_1_axi_smc_0/bd_0/ip/ip_7/bd_afc3_srn_0_clocks.xdc:82]
WARNING: [Vivado_Tcl 4-921] Waiver ID 'CDC-4' -to list should not be empty. [/home/11-comp-arch-f/Desktop/ecen4243S25QR/lab2/lab2/lab2.srcs/sources_1/bd/design_1/ip/design_1_axi_smc_0/bd_0/ip/ip_7/bd_afc3_srn_0_clocks.xdc:85]
WARNING: [Vivado_Tcl 4-921] Waiver ID 'CDC-4' -to list should not be empty. [/home/11-comp-arch-f/Desktop/ecen4243S25QR/lab2/lab2/lab2.srcs/sources_1/bd/design_1/ip/design_1_axi_smc_0/bd_0/ip/ip_7/bd_afc3_srn_0_clocks.xdc:88]
WARNING: [Vivado_Tcl 4-921] Waiver ID 'CDC-2' -to list should not be empty. [/home/11-comp-arch-f/Desktop/ecen4243S25QR/lab2/lab2/lab2.srcs/sources_1/bd/design_1/ip/design_1_axi_smc_0/bd_0/ip/ip_7/bd_afc3_srn_0_clocks.xdc:91]
WARNING: [Vivado_Tcl 4-921] Waiver ID 'CDC-2' -to list should not be empty. [/home/11-comp-arch-f/Desktop/ecen4243S25QR/lab2/lab2/lab2.srcs/sources_1/bd/design_1/ip/design_1_axi_smc_0/bd_0/ip/ip_7/bd_afc3_srn_0_clocks.xdc:94]
WARNING: [Vivado_Tcl 4-921] Waiver ID 'CDC-2' -to list should not be empty. [/home/11-comp-arch-f/Desktop/ecen4243S25QR/lab2/lab2/lab2.srcs/sources_1/bd/design_1/ip/design_1_axi_smc_0/bd_0/ip/ip_7/bd_afc3_srn_0_clocks.xdc:97]
WARNING: [Vivado_Tcl 4-921] Waiver ID 'CDC-2' -to list should not be empty. [/home/11-comp-arch-f/Desktop/ecen4243S25QR/lab2/lab2/lab2.srcs/sources_1/bd/design_1/ip/design_1_axi_smc_0/bd_0/ip/ip_7/bd_afc3_srn_0_clocks.xdc:100]
WARNING: [Vivado_Tcl 4-921] Waiver ID 'CDC-1' -to list should not be empty. [/home/11-comp-arch-f/Desktop/ecen4243S25QR/lab2/lab2/lab2.srcs/sources_1/bd/design_1/ip/design_1_axi_smc_0/bd_0/ip/ip_7/bd_afc3_srn_0_clocks.xdc:104]
WARNING: [Vivado_Tcl 4-921] Waiver ID 'CDC-10' -to list should not be empty. [/home/11-comp-arch-f/Desktop/ecen4243S25QR/lab2/lab2/lab2.srcs/sources_1/bd/design_1/ip/design_1_axi_smc_0/bd_0/ip/ip_7/bd_afc3_srn_0_clocks.xdc:107]
WARNING: [Vivado_Tcl 4-921] Waiver ID 'CDC-10' -to list should not be empty. [/home/11-comp-arch-f/Desktop/ecen4243S25QR/lab2/lab2/lab2.srcs/sources_1/bd/design_1/ip/design_1_axi_smc_0/bd_0/ip/ip_7/bd_afc3_srn_0_clocks.xdc:110]
WARNING: [Vivado_Tcl 4-921] Waiver ID 'CDC-1' -to list should not be empty. [/home/11-comp-arch-f/Desktop/ecen4243S25QR/lab2/lab2/lab2.srcs/sources_1/bd/design_1/ip/design_1_axi_smc_0/bd_0/ip/ip_7/bd_afc3_srn_0_clocks.xdc:113]
WARNING: [Vivado_Tcl 4-921] Waiver ID 'CDC-1' -to list should not be empty. [/home/11-comp-arch-f/Desktop/ecen4243S25QR/lab2/lab2/lab2.srcs/sources_1/bd/design_1/ip/design_1_axi_smc_0/bd_0/ip/ip_7/bd_afc3_srn_0_clocks.xdc:116]
WARNING: [Vivado_Tcl 4-921] Waiver ID 'CDC-1' -to list should not be empty. [/home/11-comp-arch-f/Desktop/ecen4243S25QR/lab2/lab2/lab2.srcs/sources_1/bd/design_1/ip/design_1_axi_smc_0/bd_0/ip/ip_7/bd_afc3_srn_0_clocks.xdc:119]
WARNING: [Vivado_Tcl 4-921] Waiver ID 'CDC-13' -to list should not be empty. [/home/11-comp-arch-f/Desktop/ecen4243S25QR/lab2/lab2/lab2.srcs/sources_1/bd/design_1/ip/design_1_axi_smc_0/bd_0/ip/ip_7/bd_afc3_srn_0_clocks.xdc:122]
WARNING: [Vivado_Tcl 4-921] Waiver ID 'CDC-1' -to list should not be empty. [/home/11-comp-arch-f/Desktop/ecen4243S25QR/lab2/lab2/lab2.srcs/sources_1/bd/design_1/ip/design_1_axi_smc_0/bd_0/ip/ip_7/bd_afc3_srn_0_clocks.xdc:125]
WARNING: [Vivado_Tcl 4-921] Waiver ID 'CDC-1' -to list should not be empty. [/home/11-comp-arch-f/Desktop/ecen4243S25QR/lab2/lab2/lab2.srcs/sources_1/bd/design_1/ip/design_1_axi_smc_0/bd_0/ip/ip_7/bd_afc3_srn_0_clocks.xdc:128]
WARNING: [Vivado_Tcl 4-921] Waiver ID 'CDC-13' -to list should not be empty. [/home/11-comp-arch-f/Desktop/ecen4243S25QR/lab2/lab2/lab2.srcs/sources_1/bd/design_1/ip/design_1_axi_smc_0/bd_0/ip/ip_7/bd_afc3_srn_0_clocks.xdc:131]
WARNING: [Vivado_Tcl 4-921] Waiver ID 'CDC-1' -to list should not be empty. [/home/11-comp-arch-f/Desktop/ecen4243S25QR/lab2/lab2/lab2.srcs/sources_1/bd/design_1/ip/design_1_axi_smc_0/bd_0/ip/ip_7/bd_afc3_srn_0_clocks.xdc:134]
WARNING: [Vivado_Tcl 4-921] Waiver ID 'CDC-10' -to list should not be empty. [/home/11-comp-arch-f/Desktop/ecen4243S25QR/lab2/lab2/lab2.srcs/sources_1/bd/design_1/ip/design_1_axi_smc_0/bd_0/ip/ip_7/bd_afc3_srn_0_clocks.xdc:137]
WARNING: [Vivado_Tcl 4-921] Waiver ID 'CDC-2' -to list should not be empty. [/home/11-comp-arch-f/Desktop/ecen4243S25QR/lab2/lab2/lab2.srcs/sources_1/bd/design_1/ip/design_1_axi_smc_0/bd_0/ip/ip_7/bd_afc3_srn_0_clocks.xdc:149]
WARNING: [Vivado_Tcl 4-921] Waiver ID 'CDC-1' -to list should not be empty. [/home/11-comp-arch-f/Desktop/ecen4243S25QR/lab2/lab2/lab2.srcs/sources_1/bd/design_1/ip/design_1_axi_smc_0/bd_0/ip/ip_7/bd_afc3_srn_0_clocks.xdc:158]
WARNING: [Vivado_Tcl 4-921] Waiver ID 'CDC-10' -to list should not be empty. [/home/11-comp-arch-f/Desktop/ecen4243S25QR/lab2/lab2/lab2.srcs/sources_1/bd/design_1/ip/design_1_axi_smc_0/bd_0/ip/ip_7/bd_afc3_srn_0_clocks.xdc:161]
WARNING: [Vivado_Tcl 4-921] Waiver ID 'CDC-4' -to list should not be empty. [/home/11-comp-arch-f/Desktop/ecen4243S25QR/lab2/lab2/lab2.srcs/sources_1/bd/design_1/ip/design_1_axi_smc_0/bd_0/ip/ip_7/bd_afc3_srn_0_clocks.xdc:164]
WARNING: [Vivado_Tcl 4-921] Waiver ID 'CDC-4' -to list should not be empty. [/home/11-comp-arch-f/Desktop/ecen4243S25QR/lab2/lab2/lab2.srcs/sources_1/bd/design_1/ip/design_1_axi_smc_0/bd_0/ip/ip_7/bd_afc3_srn_0_clocks.xdc:167]
WARNING: [Vivado_Tcl 4-921] Waiver ID 'CDC-4' -to list should not be empty. [/home/11-comp-arch-f/Desktop/ecen4243S25QR/lab2/lab2/lab2.srcs/sources_1/bd/design_1/ip/design_1_axi_smc_0/bd_0/ip/ip_7/bd_afc3_srn_0_clocks.xdc:171]
WARNING: [Vivado_Tcl 4-921] Waiver ID 'CDC-4' -to list should not be empty. [/home/11-comp-arch-f/Desktop/ecen4243S25QR/lab2/lab2/lab2.srcs/sources_1/bd/design_1/ip/design_1_axi_smc_0/bd_0/ip/ip_7/bd_afc3_srn_0_clocks.xdc:174]
WARNING: [Vivado_Tcl 4-921] Waiver ID 'CDC-1' -to list should not be empty. [/home/11-comp-arch-f/Desktop/ecen4243S25QR/lab2/lab2/lab2.srcs/sources_1/bd/design_1/ip/design_1_axi_smc_0/bd_0/ip/ip_7/bd_afc3_srn_0_clocks.xdc:178]
Finished Parsing XDC File [/home/11-comp-arch-f/Desktop/ecen4243S25QR/lab2/lab2/lab2.srcs/sources_1/bd/design_1/ip/design_1_axi_smc_0/bd_0/ip/ip_7/bd_afc3_srn_0_clocks.xdc] for cell 'design_1_i/axi_smc/inst/s00_nodes/s00_r_node/inst'
Parsing XDC File [/home/11-comp-arch-f/Desktop/ecen4243S25QR/lab2/lab2/lab2.srcs/sources_1/bd/design_1/ip/design_1_axi_smc_0/bd_0/ip/ip_8/bd_afc3_sawn_0_clocks.xdc] for cell 'design_1_i/axi_smc/inst/s00_nodes/s00_aw_node/inst'
WARNING: [Vivado_Tcl 4-921] Waiver ID 'CDC-1' -to list should not be empty. [/home/11-comp-arch-f/Desktop/ecen4243S25QR/lab2/lab2/lab2.srcs/sources_1/bd/design_1/ip/design_1_axi_smc_0/bd_0/ip/ip_8/bd_afc3_sawn_0_clocks.xdc:49]
WARNING: [Vivado_Tcl 4-921] Waiver ID 'CDC-1' -to list should not be empty. [/home/11-comp-arch-f/Desktop/ecen4243S25QR/lab2/lab2/lab2.srcs/sources_1/bd/design_1/ip/design_1_axi_smc_0/bd_0/ip/ip_8/bd_afc3_sawn_0_clocks.xdc:52]
WARNING: [Vivado_Tcl 4-921] Waiver ID 'CDC-1' -to list should not be empty. [/home/11-comp-arch-f/Desktop/ecen4243S25QR/lab2/lab2/lab2.srcs/sources_1/bd/design_1/ip/design_1_axi_smc_0/bd_0/ip/ip_8/bd_afc3_sawn_0_clocks.xdc:55]
WARNING: [Vivado_Tcl 4-921] Waiver ID 'CDC-1' -to list should not be empty. [/home/11-comp-arch-f/Desktop/ecen4243S25QR/lab2/lab2/lab2.srcs/sources_1/bd/design_1/ip/design_1_axi_smc_0/bd_0/ip/ip_8/bd_afc3_sawn_0_clocks.xdc:59]
WARNING: [Vivado_Tcl 4-921] Waiver ID 'CDC-1' -to list should not be empty. [/home/11-comp-arch-f/Desktop/ecen4243S25QR/lab2/lab2/lab2.srcs/sources_1/bd/design_1/ip/design_1_axi_smc_0/bd_0/ip/ip_8/bd_afc3_sawn_0_clocks.xdc:63]
WARNING: [Vivado_Tcl 4-921] Waiver ID 'CDC-1' -to list should not be empty. [/home/11-comp-arch-f/Desktop/ecen4243S25QR/lab2/lab2/lab2.srcs/sources_1/bd/design_1/ip/design_1_axi_smc_0/bd_0/ip/ip_8/bd_afc3_sawn_0_clocks.xdc:66]
WARNING: [Vivado_Tcl 4-921] Waiver ID 'CDC-1' -to list should not be empty. [/home/11-comp-arch-f/Desktop/ecen4243S25QR/lab2/lab2/lab2.srcs/sources_1/bd/design_1/ip/design_1_axi_smc_0/bd_0/ip/ip_8/bd_afc3_sawn_0_clocks.xdc:70]
WARNING: [Vivado_Tcl 4-921] Waiver ID 'CDC-1' -to list should not be empty. [/home/11-comp-arch-f/Desktop/ecen4243S25QR/lab2/lab2/lab2.srcs/sources_1/bd/design_1/ip/design_1_axi_smc_0/bd_0/ip/ip_8/bd_afc3_sawn_0_clocks.xdc:73]
WARNING: [Vivado_Tcl 4-921] Waiver ID 'CDC-1' -to list should not be empty. [/home/11-comp-arch-f/Desktop/ecen4243S25QR/lab2/lab2/lab2.srcs/sources_1/bd/design_1/ip/design_1_axi_smc_0/bd_0/ip/ip_8/bd_afc3_sawn_0_clocks.xdc:76]
WARNING: [Vivado_Tcl 4-921] Waiver ID 'CDC-1' -to list should not be empty. [/home/11-comp-arch-f/Desktop/ecen4243S25QR/lab2/lab2/lab2.srcs/sources_1/bd/design_1/ip/design_1_axi_smc_0/bd_0/ip/ip_8/bd_afc3_sawn_0_clocks.xdc:79]
WARNING: [Vivado_Tcl 4-921] Waiver ID 'CDC-1' -to list should not be empty. [/home/11-comp-arch-f/Desktop/ecen4243S25QR/lab2/lab2/lab2.srcs/sources_1/bd/design_1/ip/design_1_axi_smc_0/bd_0/ip/ip_8/bd_afc3_sawn_0_clocks.xdc:82]
WARNING: [Vivado_Tcl 4-921] Waiver ID 'CDC-4' -to list should not be empty. [/home/11-comp-arch-f/Desktop/ecen4243S25QR/lab2/lab2/lab2.srcs/sources_1/bd/design_1/ip/design_1_axi_smc_0/bd_0/ip/ip_8/bd_afc3_sawn_0_clocks.xdc:85]
WARNING: [Vivado_Tcl 4-921] Waiver ID 'CDC-4' -to list should not be empty. [/home/11-comp-arch-f/Desktop/ecen4243S25QR/lab2/lab2/lab2.srcs/sources_1/bd/design_1/ip/design_1_axi_smc_0/bd_0/ip/ip_8/bd_afc3_sawn_0_clocks.xdc:88]
WARNING: [Vivado_Tcl 4-921] Waiver ID 'CDC-2' -to list should not be empty. [/home/11-comp-arch-f/Desktop/ecen4243S25QR/lab2/lab2/lab2.srcs/sources_1/bd/design_1/ip/design_1_axi_smc_0/bd_0/ip/ip_8/bd_afc3_sawn_0_clocks.xdc:91]
INFO: [Common 17-14] Message 'Vivado 12-180' appears 100 times and further instances of the messages will be disabled. Use the Tcl command set_msg_config to change the current settings. [/home/11-comp-arch-f/Desktop/ecen4243S25QR/lab2/lab2/lab2.srcs/sources_1/bd/design_1/ip/design_1_axi_smc_0/bd_0/ip/ip_8/bd_afc3_sawn_0_clocks.xdc:94]
WARNING: [Vivado_Tcl 4-921] Waiver ID 'CDC-2' -to list should not be empty. [/home/11-comp-arch-f/Desktop/ecen4243S25QR/lab2/lab2/lab2.srcs/sources_1/bd/design_1/ip/design_1_axi_smc_0/bd_0/ip/ip_8/bd_afc3_sawn_0_clocks.xdc:94]
WARNING: [Vivado_Tcl 4-921] Waiver ID 'CDC-2' -to list should not be empty. [/home/11-comp-arch-f/Desktop/ecen4243S25QR/lab2/lab2/lab2.srcs/sources_1/bd/design_1/ip/design_1_axi_smc_0/bd_0/ip/ip_8/bd_afc3_sawn_0_clocks.xdc:97]
WARNING: [Vivado_Tcl 4-921] Waiver ID 'CDC-2' -to list should not be empty. [/home/11-comp-arch-f/Desktop/ecen4243S25QR/lab2/lab2/lab2.srcs/sources_1/bd/design_1/ip/design_1_axi_smc_0/bd_0/ip/ip_8/bd_afc3_sawn_0_clocks.xdc:100]
WARNING: [Vivado_Tcl 4-921] Waiver ID 'CDC-1' -to list should not be empty. [/home/11-comp-arch-f/Desktop/ecen4243S25QR/lab2/lab2/lab2.srcs/sources_1/bd/design_1/ip/design_1_axi_smc_0/bd_0/ip/ip_8/bd_afc3_sawn_0_clocks.xdc:104]
WARNING: [Vivado_Tcl 4-921] Waiver ID 'CDC-10' -to list should not be empty. [/home/11-comp-arch-f/Desktop/ecen4243S25QR/lab2/lab2/lab2.srcs/sources_1/bd/design_1/ip/design_1_axi_smc_0/bd_0/ip/ip_8/bd_afc3_sawn_0_clocks.xdc:107]
WARNING: [Vivado_Tcl 4-921] Waiver ID 'CDC-10' -to list should not be empty. [/home/11-comp-arch-f/Desktop/ecen4243S25QR/lab2/lab2/lab2.srcs/sources_1/bd/design_1/ip/design_1_axi_smc_0/bd_0/ip/ip_8/bd_afc3_sawn_0_clocks.xdc:110]
WARNING: [Vivado_Tcl 4-921] Waiver ID 'CDC-1' -to list should not be empty. [/home/11-comp-arch-f/Desktop/ecen4243S25QR/lab2/lab2/lab2.srcs/sources_1/bd/design_1/ip/design_1_axi_smc_0/bd_0/ip/ip_8/bd_afc3_sawn_0_clocks.xdc:113]
INFO: [Common 17-14] Message 'Vivado_Tcl 4-921' appears 100 times and further instances of the messages will be disabled. Use the Tcl command set_msg_config to change the current settings. [/home/11-comp-arch-f/Desktop/ecen4243S25QR/lab2/lab2/lab2.srcs/sources_1/bd/design_1/ip/design_1_axi_smc_0/bd_0/ip/ip_8/bd_afc3_sawn_0_clocks.xdc:113]
Finished Parsing XDC File [/home/11-comp-arch-f/Desktop/ecen4243S25QR/lab2/lab2/lab2.srcs/sources_1/bd/design_1/ip/design_1_axi_smc_0/bd_0/ip/ip_8/bd_afc3_sawn_0_clocks.xdc] for cell 'design_1_i/axi_smc/inst/s00_nodes/s00_aw_node/inst'
Parsing XDC File [/home/11-comp-arch-f/Desktop/ecen4243S25QR/lab2/lab2/lab2.srcs/sources_1/bd/design_1/ip/design_1_axi_smc_0/bd_0/ip/ip_9/bd_afc3_swn_0_clocks.xdc] for cell 'design_1_i/axi_smc/inst/s00_nodes/s00_w_node/inst'
Finished Parsing XDC File [/home/11-comp-arch-f/Desktop/ecen4243S25QR/lab2/lab2/lab2.srcs/sources_1/bd/design_1/ip/design_1_axi_smc_0/bd_0/ip/ip_9/bd_afc3_swn_0_clocks.xdc] for cell 'design_1_i/axi_smc/inst/s00_nodes/s00_w_node/inst'
Parsing XDC File [/home/11-comp-arch-f/Desktop/ecen4243S25QR/lab2/lab2/lab2.srcs/sources_1/bd/design_1/ip/design_1_axi_smc_0/bd_0/ip/ip_10/bd_afc3_sbn_0_clocks.xdc] for cell 'design_1_i/axi_smc/inst/s00_nodes/s00_b_node/inst'
Finished Parsing XDC File [/home/11-comp-arch-f/Desktop/ecen4243S25QR/lab2/lab2/lab2.srcs/sources_1/bd/design_1/ip/design_1_axi_smc_0/bd_0/ip/ip_10/bd_afc3_sbn_0_clocks.xdc] for cell 'design_1_i/axi_smc/inst/s00_nodes/s00_b_node/inst'
Parsing XDC File [/home/11-comp-arch-f/Desktop/ecen4243S25QR/lab2/lab2/lab2.srcs/sources_1/bd/design_1/ip/design_1_axi_smc_0/smartconnect.xdc] for cell 'design_1_i/axi_smc/inst'
WARNING: [Vivado_Tcl 4-919] Waiver ID 'CDC-1' -from list should not be empty. [/home/11-comp-arch-f/Desktop/ecen4243S25QR/lab2/lab2/lab2.srcs/sources_1/bd/design_1/ip/design_1_axi_smc_0/smartconnect.xdc:1]
Finished Parsing XDC File [/home/11-comp-arch-f/Desktop/ecen4243S25QR/lab2/lab2/lab2.srcs/sources_1/bd/design_1/ip/design_1_axi_smc_0/smartconnect.xdc] for cell 'design_1_i/axi_smc/inst'
Parsing XDC File [/home/11-comp-arch-f/Desktop/ecen4243S25QR/lab2/lab2/lab2.srcs/sources_1/bd/design_1/ip/design_1_rst_ps7_0_50M_0/design_1_rst_ps7_0_50M_0_board.xdc] for cell 'design_1_i/rst_ps7_0_50M/U0'
Finished Parsing XDC File [/home/11-comp-arch-f/Desktop/ecen4243S25QR/lab2/lab2/lab2.srcs/sources_1/bd/design_1/ip/design_1_rst_ps7_0_50M_0/design_1_rst_ps7_0_50M_0_board.xdc] for cell 'design_1_i/rst_ps7_0_50M/U0'
Parsing XDC File [/home/11-comp-arch-f/Desktop/ecen4243S25QR/lab2/lab2/lab2.srcs/sources_1/bd/design_1/ip/design_1_rst_ps7_0_50M_0/design_1_rst_ps7_0_50M_0.xdc] for cell 'design_1_i/rst_ps7_0_50M/U0'
Finished Parsing XDC File [/home/11-comp-arch-f/Desktop/ecen4243S25QR/lab2/lab2/lab2.srcs/sources_1/bd/design_1/ip/design_1_rst_ps7_0_50M_0/design_1_rst_ps7_0_50M_0.xdc] for cell 'design_1_i/rst_ps7_0_50M/U0'
Parsing XDC File [/home/11-comp-arch-f/Desktop/ecen4243S25QR/lab2/lab2/lab2.srcs/constrs_1/new/constr.xdc]
Finished Parsing XDC File [/home/11-comp-arch-f/Desktop/ecen4243S25QR/lab2/lab2/lab2.srcs/constrs_1/new/constr.xdc]
INFO: [Project 1-1714] 19 XPM XDC files have been applied to the design.
INFO: [Opt 31-138] Pushed 0 inverter(s) to 0 load pin(s).
INFO: [Project 1-1687] 228 scoped IP constraints or related sub-commands were skipped due to synthesis logic optimizations usually triggered by constant connectivity or unconnected output pins. To review the skipped constraints and messages, run the command 'set_param netlist.IPMsgFiltering false' before opening the design.
Netlist sorting complete. Time (s): cpu = 00:00:00 ; elapsed = 00:00:00 . Memory (MB): peak = 10040.488 ; gain = 0.000 ; free physical = 5560 ; free virtual = 12480
INFO: [Project 1-111] Unisim Transformation Summary:
  A total of 66 instances were transformed.
  RAM32M => RAM32M (RAMD32(x6), RAMS32(x2)): 62 instances
  RAM32X1D => RAM32X1D (RAMD32(x2)): 4 instances

source setup.tcl
# import_files -norecurse riscv_single.sv
WARNING: [filemgmt 20-354] The following file(s) were not imported. Local copy of file(s) already exists:
/home/11-comp-arch-f/Desktop/riscv_single.sv
Hint: use the '-force' option to overwrite the local copies.
# update_compile_order -fileset sources_1
# reset_run synth_1
# launch_runs impl_1 -to_step write_bitstream -jobs 5
WARNING: [Project 1-478] Design 'synth_1' is stale and will not be used when launching 'impl_1'
[Fri Mar 14 17:05:40 2025] Launched synth_1...
Run output will be captured here: /home/11-comp-arch-f/Desktop/ecen4243S25QR/lab2/lab2/lab2.runs/synth_1/runme.log
[Fri Mar 14 17:05:40 2025] Launched impl_1...
Run output will be captured here: /home/11-comp-arch-f/Desktop/ecen4243S25QR/lab2/lab2/lab2.runs/impl_1/runme.log
close_design
close_design
ERROR: [Labtoolstcl 44-513] HW Target shutdown. Closing target: localhost:3121/xilinx_tcf/Digilent/210014A24E4BA
INFO: [Labtoolstcl 44-466] Opening hw_target localhost:3121/xilinx_tcf/Digilent/210014A24E4BA
WARNING: [Labtoolstcl 44-129] No matching hw_ila_data was found.
INFO: [Labtools 27-1434] Device xc7z020 (JTAG device index = 1) is programmed with a design that has no supported debug core(s) in it.
WARNING: [Labtools 27-3361] The debug hub core was not detected.
Resolution: 
1. Make sure the clock connected to the debug hub (dbg_hub) core is a free running clock and is active.
2. Make sure the BSCAN_SWITCH_USER_MASK device property in Vivado Hardware Manager reflects the user scan chain setting in the design and refresh the device.  To determine the user scan chain setting in the design, open the implemented design and use 'get_property C_USER_SCAN_CHAIN [get_debug_cores dbg_hub]'.
For more details on setting the scan chain property, consult the Vivado Debug and Programming User Guide (UG908).
WARNING: [Labtools 27-3413] Dropping logic core with cellname:'u_ila_0' at location 'uuid_23E7D65A79BC59F7BC47406C1714DFAE' from probes file, since it cannot be found on the programmed device.
WARNING: [Labtoolstcl 44-129] No matching hw_ila_data was found.
set_property PROBES.FILE {/home/11-comp-arch-f/Desktop/ecen4243S25QR/lab2/lab2/lab2.runs/impl_1/design_1_wrapper.ltx} [get_hw_devices xc7z020_1]
set_property FULL_PROBES.FILE {/home/11-comp-arch-f/Desktop/ecen4243S25QR/lab2/lab2/lab2.runs/impl_1/design_1_wrapper.ltx} [get_hw_devices xc7z020_1]
set_property PROGRAM.FILE {/home/11-comp-arch-f/Desktop/ecen4243S25QR/lab2/lab2/lab2.runs/impl_1/design_1_wrapper.bit} [get_hw_devices xc7z020_1]
program_hw_devices [get_hw_devices xc7z020_1]
INFO: [Labtools 27-3164] End of startup status: HIGH
refresh_hw_device [lindex [get_hw_devices xc7z020_1] 0]
INFO: [Labtools 27-2302] Device xc7z020 (JTAG device index = 1) is programmed with a design that has 1 ILA core(s).
display_hw_ila_data [ get_hw_ila_data hw_ila_data_1 -of_objects [get_hw_ilas -of_objects [get_hw_devices xc7z020_1] -filter {CELL_NAME=~"u_ila_0"}]]
run_hw_ila [get_hw_ilas -of_objects [get_hw_devices xc7z020_1] -filter {CELL_NAME=~"u_ila_0"}]
INFO: [Labtools 27-1964] The ILA core 'hw_ila_1' trigger was armed at 2025-Mar-14 17:07:49
wait_on_hw_ila [get_hw_ilas -of_objects [get_hw_devices xc7z020_1] -filter {CELL_NAME=~"u_ila_0"}]
display_hw_ila_data [upload_hw_ila_data [get_hw_ilas -of_objects [get_hw_devices xc7z020_1] -filter {CELL_NAME=~"u_ila_0"}]]
INFO: [Labtools 27-1966] The ILA core 'hw_ila_1' triggered at 2025-Mar-14 17:07:51
INFO: [Labtools 27-3304] ILA Waveform data saved to file /home/11-comp-arch-f/Desktop/ecen4243S25QR/lab2/lab2/lab2.hw/backup/hw_ila_data_1.ila. Use Tcl command 'read_hw_ila_data' or Vivado File->Import->Import ILA Data menu item to import the previously saved data.
WARNING: [filemgmt 56-199] Attempt to get parsing info during refresh. "On-the-fly" syntax checking information may be incorrect. [/home/11-comp-arch-f/Desktop/ecen4243S25QR/lab2/lab2/lab2.srcs/sources_1/bd/design_1/ip/design_1_top_0_0/design_1_top_0_0_sim_netlist.vhdl:]
WARNING: [filemgmt 56-199] Attempt to get parsing info during refresh. "On-the-fly" syntax checking information may be incorrect. [/home/11-comp-arch-f/Desktop/ecen4243S25QR/lab2/lab2/lab2.srcs/sources_1/imports/fpga/src/imem.sv:]
WARNING: [filemgmt 56-199] Attempt to get parsing info during refresh. "On-the-fly" syntax checking information may be incorrect. [/home/11-comp-arch-f/Desktop/riscv_single.sv:]
WARNING: [filemgmt 56-199] Attempt to get parsing info during refresh. "On-the-fly" syntax checking information may be incorrect. [/home/11-comp-arch-f/Desktop/ecen4243S25QR/lab2/lab2/lab2.srcs/sources_1/imports/fpga/src/top.v:]
WARNING: [filemgmt 56-199] Attempt to get parsing info during refresh. "On-the-fly" syntax checking information may be incorrect. [/home/11-comp-arch-f/Desktop/ecen4243S25QR/lab2/lab2/lab2.srcs/sources_1/bd/design_1/ip/design_1_top_0_0/design_1_top_0_0_sim_netlist.v:]
WARNING: [filemgmt 56-199] Attempt to get parsing info during refresh. "On-the-fly" syntax checking information may be incorrect. [/home/11-comp-arch-f/Desktop/ecen4243S25QR/lab2/lab2/lab2.srcs/sources_1/imports/Desktop/riscv_single.sv:]
WARNING: [filemgmt 56-199] Attempt to get parsing info during refresh. "On-the-fly" syntax checking information may be incorrect. [/home/11-comp-arch-f/Desktop/ecen4243S25QR/lab2/lab2/lab2.srcs/sources_1/bd/design_1/ip/design_1_top_0_0/design_1_top_0_0_sim_netlist.vhdl:]
WARNING: [filemgmt 56-199] Attempt to get parsing info during refresh. "On-the-fly" syntax checking information may be incorrect. [/home/11-comp-arch-f/Desktop/ecen4243S25QR/lab2/lab2/lab2.srcs/sources_1/imports/fpga/src/imem.sv:]
WARNING: [filemgmt 56-199] Attempt to get parsing info during refresh. "On-the-fly" syntax checking information may be incorrect. [/home/11-comp-arch-f/Desktop/riscv_single.sv:]
WARNING: [filemgmt 56-199] Attempt to get parsing info during refresh. "On-the-fly" syntax checking information may be incorrect. [/home/11-comp-arch-f/Desktop/ecen4243S25QR/lab2/lab2/lab2.srcs/sources_1/imports/fpga/src/top.v:]
WARNING: [filemgmt 56-199] Attempt to get parsing info during refresh. "On-the-fly" syntax checking information may be incorrect. [/home/11-comp-arch-f/Desktop/ecen4243S25QR/lab2/lab2/lab2.srcs/sources_1/bd/design_1/ip/design_1_top_0_0/design_1_top_0_0_sim_netlist.v:]
WARNING: [filemgmt 56-199] Attempt to get parsing info during refresh. "On-the-fly" syntax checking information may be incorrect. [/home/11-comp-arch-f/Desktop/ecen4243S25QR/lab2/lab2/lab2.srcs/sources_1/imports/Desktop/riscv_single.sv:]
WARNING: [filemgmt 56-199] Attempt to get parsing info during refresh. "On-the-fly" syntax checking information may be incorrect. [/home/11-comp-arch-f/Desktop/ecen4243S25QR/lab2/lab2/lab2.srcs/sources_1/bd/design_1/ip/design_1_top_0_0/design_1_top_0_0_sim_netlist.vhdl:]
WARNING: [filemgmt 56-199] Attempt to get parsing info during refresh. "On-the-fly" syntax checking information may be incorrect. [/home/11-comp-arch-f/Desktop/ecen4243S25QR/lab2/lab2/lab2.srcs/sources_1/imports/fpga/src/imem.sv:]
WARNING: [filemgmt 56-199] Attempt to get parsing info during refresh. "On-the-fly" syntax checking information may be incorrect. [/home/11-comp-arch-f/Desktop/riscv_single.sv:]
WARNING: [filemgmt 56-199] Attempt to get parsing info during refresh. "On-the-fly" syntax checking information may be incorrect. [/home/11-comp-arch-f/Desktop/ecen4243S25QR/lab2/lab2/lab2.srcs/sources_1/imports/fpga/src/top.v:]
WARNING: [filemgmt 56-199] Attempt to get parsing info during refresh. "On-the-fly" syntax checking information may be incorrect. [/home/11-comp-arch-f/Desktop/ecen4243S25QR/lab2/lab2/lab2.srcs/sources_1/bd/design_1/ip/design_1_top_0_0/design_1_top_0_0_sim_netlist.v:]
WARNING: [filemgmt 56-199] Attempt to get parsing info during refresh. "On-the-fly" syntax checking information may be incorrect. [/home/11-comp-arch-f/Desktop/ecen4243S25QR/lab2/lab2/lab2.srcs/sources_1/imports/Desktop/riscv_single.sv:]
WARNING: [filemgmt 56-199] Attempt to get parsing info during refresh. "On-the-fly" syntax checking information may be incorrect. [/home/11-comp-arch-f/Desktop/ecen4243S25QR/lab2/lab2/lab2.srcs/sources_1/bd/design_1/ip/design_1_top_0_0/design_1_top_0_0_sim_netlist.vhdl:]
WARNING: [filemgmt 56-199] Attempt to get parsing info during refresh. "On-the-fly" syntax checking information may be incorrect. [/home/11-comp-arch-f/Desktop/ecen4243S25QR/lab2/lab2/lab2.srcs/sources_1/imports/fpga/src/imem.sv:]
WARNING: [filemgmt 56-199] Attempt to get parsing info during refresh. "On-the-fly" syntax checking information may be incorrect. [/home/11-comp-arch-f/Desktop/riscv_single.sv:]
WARNING: [filemgmt 56-199] Attempt to get parsing info during refresh. "On-the-fly" syntax checking information may be incorrect. [/home/11-comp-arch-f/Desktop/ecen4243S25QR/lab2/lab2/lab2.srcs/sources_1/imports/fpga/src/top.v:]
WARNING: [filemgmt 56-199] Attempt to get parsing info during refresh. "On-the-fly" syntax checking information may be incorrect. [/home/11-comp-arch-f/Desktop/ecen4243S25QR/lab2/lab2/lab2.srcs/sources_1/bd/design_1/ip/design_1_top_0_0/design_1_top_0_0_sim_netlist.v:]
WARNING: [filemgmt 56-199] Attempt to get parsing info during refresh. "On-the-fly" syntax checking information may be incorrect. [/home/11-comp-arch-f/Desktop/ecen4243S25QR/lab2/lab2/lab2.srcs/sources_1/imports/Desktop/riscv_single.sv:]
WARNING: [filemgmt 56-199] Attempt to get parsing info during refresh. "On-the-fly" syntax checking information may be incorrect. [/home/11-comp-arch-f/Desktop/ecen4243S25QR/lab2/lab2/lab2.srcs/sources_1/bd/design_1/ip/design_1_top_0_0/design_1_top_0_0_sim_netlist.vhdl:]
WARNING: [filemgmt 56-199] Attempt to get parsing info during refresh. "On-the-fly" syntax checking information may be incorrect. [/home/11-comp-arch-f/Desktop/ecen4243S25QR/lab2/lab2/lab2.srcs/sources_1/imports/fpga/src/imem.sv:]
WARNING: [filemgmt 56-199] Attempt to get parsing info during refresh. "On-the-fly" syntax checking information may be incorrect. [/home/11-comp-arch-f/Desktop/riscv_single.sv:]
WARNING: [filemgmt 56-199] Attempt to get parsing info during refresh. "On-the-fly" syntax checking information may be incorrect. [/home/11-comp-arch-f/Desktop/ecen4243S25QR/lab2/lab2/lab2.srcs/sources_1/imports/fpga/src/top.v:]
WARNING: [filemgmt 56-199] Attempt to get parsing info during refresh. "On-the-fly" syntax checking information may be incorrect. [/home/11-comp-arch-f/Desktop/ecen4243S25QR/lab2/lab2/lab2.srcs/sources_1/bd/design_1/ip/design_1_top_0_0/design_1_top_0_0_sim_netlist.v:]
WARNING: [filemgmt 56-199] Attempt to get parsing info during refresh. "On-the-fly" syntax checking information may be incorrect. [/home/11-comp-arch-f/Desktop/ecen4243S25QR/lab2/lab2/lab2.srcs/sources_1/imports/Desktop/riscv_single.sv:]
source setup.tcl
# import_files -norecurse riscv_single.sv
WARNING: [filemgmt 20-354] The following file(s) were not imported. Local copy of file(s) already exists:
/home/11-comp-arch-f/Desktop/riscv_single.sv
Hint: use the '-force' option to overwrite the local copies.
# update_compile_order -fileset sources_1
# reset_run synth_1
# launch_runs impl_1 -to_step write_bitstream -jobs 5
[Fri Mar 14 17:11:23 2025] Launched synth_1...
Run output will be captured here: /home/11-comp-arch-f/Desktop/ecen4243S25QR/lab2/lab2/lab2.runs/synth_1/runme.log
[Fri Mar 14 17:11:23 2025] Launched impl_1...
Run output will be captured here: /home/11-comp-arch-f/Desktop/ecen4243S25QR/lab2/lab2/lab2.runs/impl_1/runme.log
open_run impl_1
Netlist sorting complete. Time (s): cpu = 00:00:00.08 ; elapsed = 00:00:00.07 . Memory (MB): peak = 10248.418 ; gain = 0.000 ; free physical = 5366 ; free virtual = 12316
INFO: [Netlist 29-17] Analyzing 337 Unisim elements for replacement
INFO: [Netlist 29-28] Unisim Transformation completed in 0 CPU seconds
INFO: [Project 1-479] Netlist was created with Vivado 2023.2
INFO: [Project 1-570] Preparing netlist for logic optimization
Read ShapeDB Complete: Time (s): cpu = 00:00:00.02 ; elapsed = 00:00:00.02 . Memory (MB): peak = 10248.418 ; gain = 0.000 ; free physical = 5375 ; free virtual = 12325
INFO: [Timing 38-478] Restoring timing data from binary archive.
INFO: [Timing 38-479] Binary timing data restore complete.
INFO: [Project 1-856] Restoring constraints from binary archive.
INFO: [Project 1-853] Binary constraint restore complete.
INFO: [Designutils 20-5722] Start Reading Physical Databases.
Reading placement.
Read Netlist Cache: Time (s): cpu = 00:00:00 ; elapsed = 00:00:00.01 . Memory (MB): peak = 10248.418 ; gain = 0.000 ; free physical = 5375 ; free virtual = 12324
Reading placer database...
Read Device Cache: Time (s): cpu = 00:00:00.01 ; elapsed = 00:00:00.01 . Memory (MB): peak = 10248.418 ; gain = 0.000 ; free physical = 5375 ; free virtual = 12324
Read PlaceDB: Time (s): cpu = 00:00:00.17 ; elapsed = 00:00:00.16 . Memory (MB): peak = 10248.418 ; gain = 0.000 ; free physical = 5375 ; free virtual = 12324
Read PulsedLatchDB: Time (s): cpu = 00:00:00 ; elapsed = 00:00:00 . Memory (MB): peak = 10248.418 ; gain = 0.000 ; free physical = 5375 ; free virtual = 12324
Reading routing.
Read RouteStorage: Time (s): cpu = 00:00:00.05 ; elapsed = 00:00:00.06 . Memory (MB): peak = 10248.418 ; gain = 0.000 ; free physical = 5375 ; free virtual = 12324
Read Physdb Files: Time (s): cpu = 00:00:00.24 ; elapsed = 00:00:00.24 . Memory (MB): peak = 10248.418 ; gain = 0.000 ; free physical = 5375 ; free virtual = 12324
Restored from archive | CPU: 0.240000 secs | Memory: 9.867882 MB |
Finished XDEF File Restore: Time (s): cpu = 00:00:00.24 ; elapsed = 00:00:00.24 . Memory (MB): peak = 10248.418 ; gain = 0.000 ; free physical = 5375 ; free virtual = 12324
Netlist sorting complete. Time (s): cpu = 00:00:00 ; elapsed = 00:00:00 . Memory (MB): peak = 10248.418 ; gain = 0.000 ; free physical = 5375 ; free virtual = 12324
INFO: [Project 1-111] Unisim Transformation Summary:
  A total of 182 instances were transformed.
  CFGLUT5 => CFGLUT5 (SRL16E, SRLC32E): 112 instances
  RAM32M => RAM32M (RAMD32(x6), RAMS32(x2)): 66 instances
  RAM32X1D => RAM32X1D (RAMD32(x2)): 4 instances

WARNING: [Timing 38-436] There are set_bus_skew constraint(s) in this design. Please run report_bus_skew to ensure that bus skew requirements are met.
set_property PROBES.FILE {/home/11-comp-arch-f/Desktop/ecen4243S25QR/lab2/lab2/lab2.runs/impl_1/design_1_wrapper.ltx} [get_hw_devices xc7z020_1]
set_property FULL_PROBES.FILE {/home/11-comp-arch-f/Desktop/ecen4243S25QR/lab2/lab2/lab2.runs/impl_1/design_1_wrapper.ltx} [get_hw_devices xc7z020_1]
set_property PROGRAM.FILE {/home/11-comp-arch-f/Desktop/ecen4243S25QR/lab2/lab2/lab2.runs/impl_1/design_1_wrapper.bit} [get_hw_devices xc7z020_1]
program_hw_devices [get_hw_devices xc7z020_1]
INFO: [Labtools 27-3164] End of startup status: HIGH
refresh_hw_device [lindex [get_hw_devices xc7z020_1] 0]
INFO: [Labtools 27-2302] Device xc7z020 (JTAG device index = 1) is programmed with a design that has 1 ILA core(s).
ERROR: [Labtoolstcl 44-513] HW Target shutdown. Closing target: localhost:3121/xilinx_tcf/Digilent/210014A24E4BA
INFO: [Labtoolstcl 44-466] Opening hw_target localhost:3121/xilinx_tcf/Digilent/210014A24E4BA
WARNING: [Labtoolstcl 44-129] No matching hw_ila_data was found.
INFO: [Labtools 27-1434] Device xc7z020 (JTAG device index = 1) is programmed with a design that has no supported debug core(s) in it.
WARNING: [Labtools 27-3361] The debug hub core was not detected.
Resolution: 
1. Make sure the clock connected to the debug hub (dbg_hub) core is a free running clock and is active.
2. Make sure the BSCAN_SWITCH_USER_MASK device property in Vivado Hardware Manager reflects the user scan chain setting in the design and refresh the device.  To determine the user scan chain setting in the design, open the implemented design and use 'get_property C_USER_SCAN_CHAIN [get_debug_cores dbg_hub]'.
For more details on setting the scan chain property, consult the Vivado Debug and Programming User Guide (UG908).
WARNING: [Labtools 27-3413] Dropping logic core with cellname:'u_ila_0' at location 'uuid_23E7D65A79BC59F7BC47406C1714DFAE' from probes file, since it cannot be found on the programmed device.
WARNING: [Labtoolstcl 44-129] No matching hw_ila_data was found.
set_property PROBES.FILE {/home/11-comp-arch-f/Desktop/ecen4243S25QR/lab2/lab2/lab2.runs/impl_1/design_1_wrapper.ltx} [get_hw_devices xc7z020_1]
set_property FULL_PROBES.FILE {/home/11-comp-arch-f/Desktop/ecen4243S25QR/lab2/lab2/lab2.runs/impl_1/design_1_wrapper.ltx} [get_hw_devices xc7z020_1]
set_property PROGRAM.FILE {/home/11-comp-arch-f/Desktop/ecen4243S25QR/lab2/lab2/lab2.runs/impl_1/design_1_wrapper.bit} [get_hw_devices xc7z020_1]
program_hw_devices [get_hw_devices xc7z020_1]
INFO: [Labtools 27-3164] End of startup status: HIGH
refresh_hw_device [lindex [get_hw_devices xc7z020_1] 0]
INFO: [Labtools 27-2302] Device xc7z020 (JTAG device index = 1) is programmed with a design that has 1 ILA core(s).
display_hw_ila_data [ get_hw_ila_data hw_ila_data_1 -of_objects [get_hw_ilas -of_objects [get_hw_devices xc7z020_1] -filter {CELL_NAME=~"u_ila_0"}]]
run_hw_ila [get_hw_ilas -of_objects [get_hw_devices xc7z020_1] -filter {CELL_NAME=~"u_ila_0"}]
INFO: [Labtools 27-1964] The ILA core 'hw_ila_1' trigger was armed at 2025-Mar-14 17:13:39
wait_on_hw_ila [get_hw_ilas -of_objects [get_hw_devices xc7z020_1] -filter {CELL_NAME=~"u_ila_0"}]
display_hw_ila_data [upload_hw_ila_data [get_hw_ilas -of_objects [get_hw_devices xc7z020_1] -filter {CELL_NAME=~"u_ila_0"}]]
INFO: [Labtools 27-1966] The ILA core 'hw_ila_1' triggered at 2025-Mar-14 17:13:42
INFO: [Labtools 27-3304] ILA Waveform data saved to file /home/11-comp-arch-f/Desktop/ecen4243S25QR/lab2/lab2/lab2.hw/backup/hw_ila_data_1.ila. Use Tcl command 'read_hw_ila_data' or Vivado File->Import->Import ILA Data menu item to import the previously saved data.
ERROR: [Labtoolstcl 44-513] HW Target shutdown. Closing target: localhost:3121/xilinx_tcf/Digilent/210014A24E4BA
INFO: [Labtoolstcl 44-466] Opening hw_target localhost:3121/xilinx_tcf/Digilent/210014A24E4BA
WARNING: [Labtoolstcl 44-129] No matching hw_ila_data was found.
INFO: [Labtools 27-1434] Device xc7z020 (JTAG device index = 1) is programmed with a design that has no supported debug core(s) in it.
WARNING: [Labtools 27-3361] The debug hub core was not detected.
Resolution: 
1. Make sure the clock connected to the debug hub (dbg_hub) core is a free running clock and is active.
2. Make sure the BSCAN_SWITCH_USER_MASK device property in Vivado Hardware Manager reflects the user scan chain setting in the design and refresh the device.  To determine the user scan chain setting in the design, open the implemented design and use 'get_property C_USER_SCAN_CHAIN [get_debug_cores dbg_hub]'.
For more details on setting the scan chain property, consult the Vivado Debug and Programming User Guide (UG908).
WARNING: [Labtools 27-3413] Dropping logic core with cellname:'u_ila_0' at location 'uuid_23E7D65A79BC59F7BC47406C1714DFAE' from probes file, since it cannot be found on the programmed device.
WARNING: [Labtoolstcl 44-129] No matching hw_ila_data was found.
refresh_hw_device [lindex [get_hw_devices xc7z020_1] 0]
INFO: [Labtools 27-1434] Device xc7z020 (JTAG device index = 1) is programmed with a design that has no supported debug core(s) in it.
WARNING: [Labtools 27-3361] The debug hub core was not detected.
Resolution: 
1. Make sure the clock connected to the debug hub (dbg_hub) core is a free running clock and is active.
2. Make sure the BSCAN_SWITCH_USER_MASK device property in Vivado Hardware Manager reflects the user scan chain setting in the design and refresh the device.  To determine the user scan chain setting in the design, open the implemented design and use 'get_property C_USER_SCAN_CHAIN [get_debug_cores dbg_hub]'.
For more details on setting the scan chain property, consult the Vivado Debug and Programming User Guide (UG908).
WARNING: [Labtools 27-3413] Dropping logic core with cellname:'u_ila_0' at location 'uuid_23E7D65A79BC59F7BC47406C1714DFAE' from probes file, since it cannot be found on the programmed device.
refresh_hw_device [lindex [get_hw_devices xc7z020_1] 0]
INFO: [Labtools 27-1434] Device xc7z020 (JTAG device index = 1) is programmed with a design that has no supported debug core(s) in it.
WARNING: [Labtools 27-3361] The debug hub core was not detected.
Resolution: 
1. Make sure the clock connected to the debug hub (dbg_hub) core is a free running clock and is active.
2. Make sure the BSCAN_SWITCH_USER_MASK device property in Vivado Hardware Manager reflects the user scan chain setting in the design and refresh the device.  To determine the user scan chain setting in the design, open the implemented design and use 'get_property C_USER_SCAN_CHAIN [get_debug_cores dbg_hub]'.
For more details on setting the scan chain property, consult the Vivado Debug and Programming User Guide (UG908).
WARNING: [Labtools 27-3413] Dropping logic core with cellname:'u_ila_0' at location 'uuid_23E7D65A79BC59F7BC47406C1714DFAE' from probes file, since it cannot be found on the programmed device.
open_run synth_1 -name synth_1
Design is defaulting to impl run constrset: constrs_1
Design is defaulting to synth run part: xc7z020clg484-1
INFO: [Project 1-454] Reading design checkpoint '/home/11-comp-arch-f/Desktop/ecen4243S25QR/lab2/lab2/lab2.srcs/sources_1/bd/design_1/ip/design_1_AXI_Converter_0_0/design_1_AXI_Converter_0_0.dcp' for cell 'design_1_i/AXI_Converter_0'
INFO: [Project 1-454] Reading design checkpoint '/home/11-comp-arch-f/Desktop/ecen4243S25QR/lab2/lab2/lab2.srcs/sources_1/bd/design_1/ip/design_1_axi_smc_0/design_1_axi_smc_0.dcp' for cell 'design_1_i/axi_smc'
INFO: [Project 1-454] Reading design checkpoint '/home/11-comp-arch-f/Desktop/ecen4243S25QR/lab2/lab2/lab2.srcs/sources_1/bd/design_1/ip/design_1_processing_system7_0_0/design_1_processing_system7_0_0.dcp' for cell 'design_1_i/processing_system7_0'
INFO: [Project 1-454] Reading design checkpoint '/home/11-comp-arch-f/Desktop/ecen4243S25QR/lab2/lab2/lab2.srcs/sources_1/bd/design_1/ip/design_1_rst_ps7_0_50M_0/design_1_rst_ps7_0_50M_0.dcp' for cell 'design_1_i/rst_ps7_0_50M'
INFO: [Project 1-454] Reading design checkpoint '/home/11-comp-arch-f/Desktop/ecen4243S25QR/lab2/lab2/lab2.srcs/sources_1/bd/design_1/ip/design_1_top_0_0/design_1_top_0_0.dcp' for cell 'design_1_i/top_0'
Netlist sorting complete. Time (s): cpu = 00:00:00.06 ; elapsed = 00:00:00.07 . Memory (MB): peak = 10248.418 ; gain = 0.000 ; free physical = 5204 ; free virtual = 12196
INFO: [Netlist 29-17] Analyzing 163 Unisim elements for replacement
INFO: [Netlist 29-28] Unisim Transformation completed in 0 CPU seconds
INFO: [Project 1-479] Netlist was created with Vivado 2023.2
INFO: [Project 1-570] Preparing netlist for logic optimization
Parsing XDC File [/home/11-comp-arch-f/Desktop/ecen4243S25QR/lab2/lab2/lab2.srcs/sources_1/bd/design_1/ip/design_1_processing_system7_0_0/design_1_processing_system7_0_0.xdc] for cell 'design_1_i/processing_system7_0/inst'
Finished Parsing XDC File [/home/11-comp-arch-f/Desktop/ecen4243S25QR/lab2/lab2/lab2.srcs/sources_1/bd/design_1/ip/design_1_processing_system7_0_0/design_1_processing_system7_0_0.xdc] for cell 'design_1_i/processing_system7_0/inst'
Parsing XDC File [/home/11-comp-arch-f/Desktop/ecen4243S25QR/lab2/lab2/lab2.srcs/sources_1/bd/design_1/ip/design_1_axi_smc_0/bd_0/ip/ip_1/bd_afc3_psr_aclk_0_board.xdc] for cell 'design_1_i/axi_smc/inst/clk_map/psr_aclk/U0'
Finished Parsing XDC File [/home/11-comp-arch-f/Desktop/ecen4243S25QR/lab2/lab2/lab2.srcs/sources_1/bd/design_1/ip/design_1_axi_smc_0/bd_0/ip/ip_1/bd_afc3_psr_aclk_0_board.xdc] for cell 'design_1_i/axi_smc/inst/clk_map/psr_aclk/U0'
Parsing XDC File [/home/11-comp-arch-f/Desktop/ecen4243S25QR/lab2/lab2/lab2.srcs/sources_1/bd/design_1/ip/design_1_axi_smc_0/bd_0/ip/ip_1/bd_afc3_psr_aclk_0.xdc] for cell 'design_1_i/axi_smc/inst/clk_map/psr_aclk/U0'
Finished Parsing XDC File [/home/11-comp-arch-f/Desktop/ecen4243S25QR/lab2/lab2/lab2.srcs/sources_1/bd/design_1/ip/design_1_axi_smc_0/bd_0/ip/ip_1/bd_afc3_psr_aclk_0.xdc] for cell 'design_1_i/axi_smc/inst/clk_map/psr_aclk/U0'
Parsing XDC File [/home/11-comp-arch-f/Desktop/ecen4243S25QR/lab2/lab2/lab2.srcs/sources_1/bd/design_1/ip/design_1_axi_smc_0/bd_0/ip/ip_6/bd_afc3_sarn_0_clocks.xdc] for cell 'design_1_i/axi_smc/inst/s00_nodes/s00_ar_node/inst'
WARNING: [Vivado_Tcl 4-921] Waiver ID 'CDC-1' -to list should not be empty. [/home/11-comp-arch-f/Desktop/ecen4243S25QR/lab2/lab2/lab2.srcs/sources_1/bd/design_1/ip/design_1_axi_smc_0/bd_0/ip/ip_6/bd_afc3_sarn_0_clocks.xdc:49]
WARNING: [Vivado_Tcl 4-921] Waiver ID 'CDC-1' -to list should not be empty. [/home/11-comp-arch-f/Desktop/ecen4243S25QR/lab2/lab2/lab2.srcs/sources_1/bd/design_1/ip/design_1_axi_smc_0/bd_0/ip/ip_6/bd_afc3_sarn_0_clocks.xdc:52]
WARNING: [Vivado_Tcl 4-921] Waiver ID 'CDC-1' -to list should not be empty. [/home/11-comp-arch-f/Desktop/ecen4243S25QR/lab2/lab2/lab2.srcs/sources_1/bd/design_1/ip/design_1_axi_smc_0/bd_0/ip/ip_6/bd_afc3_sarn_0_clocks.xdc:55]
WARNING: [Vivado_Tcl 4-921] Waiver ID 'CDC-1' -to list should not be empty. [/home/11-comp-arch-f/Desktop/ecen4243S25QR/lab2/lab2/lab2.srcs/sources_1/bd/design_1/ip/design_1_axi_smc_0/bd_0/ip/ip_6/bd_afc3_sarn_0_clocks.xdc:59]
WARNING: [Vivado_Tcl 4-921] Waiver ID 'CDC-1' -to list should not be empty. [/home/11-comp-arch-f/Desktop/ecen4243S25QR/lab2/lab2/lab2.srcs/sources_1/bd/design_1/ip/design_1_axi_smc_0/bd_0/ip/ip_6/bd_afc3_sarn_0_clocks.xdc:63]
WARNING: [Vivado_Tcl 4-921] Waiver ID 'CDC-1' -to list should not be empty. [/home/11-comp-arch-f/Desktop/ecen4243S25QR/lab2/lab2/lab2.srcs/sources_1/bd/design_1/ip/design_1_axi_smc_0/bd_0/ip/ip_6/bd_afc3_sarn_0_clocks.xdc:66]
WARNING: [Vivado_Tcl 4-921] Waiver ID 'CDC-1' -to list should not be empty. [/home/11-comp-arch-f/Desktop/ecen4243S25QR/lab2/lab2/lab2.srcs/sources_1/bd/design_1/ip/design_1_axi_smc_0/bd_0/ip/ip_6/bd_afc3_sarn_0_clocks.xdc:70]
WARNING: [Vivado_Tcl 4-921] Waiver ID 'CDC-1' -to list should not be empty. [/home/11-comp-arch-f/Desktop/ecen4243S25QR/lab2/lab2/lab2.srcs/sources_1/bd/design_1/ip/design_1_axi_smc_0/bd_0/ip/ip_6/bd_afc3_sarn_0_clocks.xdc:73]
WARNING: [Vivado_Tcl 4-921] Waiver ID 'CDC-1' -to list should not be empty. [/home/11-comp-arch-f/Desktop/ecen4243S25QR/lab2/lab2/lab2.srcs/sources_1/bd/design_1/ip/design_1_axi_smc_0/bd_0/ip/ip_6/bd_afc3_sarn_0_clocks.xdc:76]
WARNING: [Vivado_Tcl 4-921] Waiver ID 'CDC-1' -to list should not be empty. [/home/11-comp-arch-f/Desktop/ecen4243S25QR/lab2/lab2/lab2.srcs/sources_1/bd/design_1/ip/design_1_axi_smc_0/bd_0/ip/ip_6/bd_afc3_sarn_0_clocks.xdc:79]
WARNING: [Vivado_Tcl 4-921] Waiver ID 'CDC-1' -to list should not be empty. [/home/11-comp-arch-f/Desktop/ecen4243S25QR/lab2/lab2/lab2.srcs/sources_1/bd/design_1/ip/design_1_axi_smc_0/bd_0/ip/ip_6/bd_afc3_sarn_0_clocks.xdc:82]
WARNING: [Vivado_Tcl 4-921] Waiver ID 'CDC-4' -to list should not be empty. [/home/11-comp-arch-f/Desktop/ecen4243S25QR/lab2/lab2/lab2.srcs/sources_1/bd/design_1/ip/design_1_axi_smc_0/bd_0/ip/ip_6/bd_afc3_sarn_0_clocks.xdc:85]
WARNING: [Vivado_Tcl 4-921] Waiver ID 'CDC-4' -to list should not be empty. [/home/11-comp-arch-f/Desktop/ecen4243S25QR/lab2/lab2/lab2.srcs/sources_1/bd/design_1/ip/design_1_axi_smc_0/bd_0/ip/ip_6/bd_afc3_sarn_0_clocks.xdc:88]
WARNING: [Vivado_Tcl 4-921] Waiver ID 'CDC-2' -to list should not be empty. [/home/11-comp-arch-f/Desktop/ecen4243S25QR/lab2/lab2/lab2.srcs/sources_1/bd/design_1/ip/design_1_axi_smc_0/bd_0/ip/ip_6/bd_afc3_sarn_0_clocks.xdc:91]
WARNING: [Vivado_Tcl 4-921] Waiver ID 'CDC-2' -to list should not be empty. [/home/11-comp-arch-f/Desktop/ecen4243S25QR/lab2/lab2/lab2.srcs/sources_1/bd/design_1/ip/design_1_axi_smc_0/bd_0/ip/ip_6/bd_afc3_sarn_0_clocks.xdc:94]
WARNING: [Vivado_Tcl 4-921] Waiver ID 'CDC-2' -to list should not be empty. [/home/11-comp-arch-f/Desktop/ecen4243S25QR/lab2/lab2/lab2.srcs/sources_1/bd/design_1/ip/design_1_axi_smc_0/bd_0/ip/ip_6/bd_afc3_sarn_0_clocks.xdc:97]
WARNING: [Vivado_Tcl 4-921] Waiver ID 'CDC-2' -to list should not be empty. [/home/11-comp-arch-f/Desktop/ecen4243S25QR/lab2/lab2/lab2.srcs/sources_1/bd/design_1/ip/design_1_axi_smc_0/bd_0/ip/ip_6/bd_afc3_sarn_0_clocks.xdc:100]
WARNING: [Vivado_Tcl 4-921] Waiver ID 'CDC-1' -to list should not be empty. [/home/11-comp-arch-f/Desktop/ecen4243S25QR/lab2/lab2/lab2.srcs/sources_1/bd/design_1/ip/design_1_axi_smc_0/bd_0/ip/ip_6/bd_afc3_sarn_0_clocks.xdc:104]
WARNING: [Vivado_Tcl 4-921] Waiver ID 'CDC-10' -to list should not be empty. [/home/11-comp-arch-f/Desktop/ecen4243S25QR/lab2/lab2/lab2.srcs/sources_1/bd/design_1/ip/design_1_axi_smc_0/bd_0/ip/ip_6/bd_afc3_sarn_0_clocks.xdc:107]
WARNING: [Vivado_Tcl 4-921] Waiver ID 'CDC-10' -to list should not be empty. [/home/11-comp-arch-f/Desktop/ecen4243S25QR/lab2/lab2/lab2.srcs/sources_1/bd/design_1/ip/design_1_axi_smc_0/bd_0/ip/ip_6/bd_afc3_sarn_0_clocks.xdc:110]
WARNING: [Vivado_Tcl 4-921] Waiver ID 'CDC-1' -to list should not be empty. [/home/11-comp-arch-f/Desktop/ecen4243S25QR/lab2/lab2/lab2.srcs/sources_1/bd/design_1/ip/design_1_axi_smc_0/bd_0/ip/ip_6/bd_afc3_sarn_0_clocks.xdc:113]
WARNING: [Vivado_Tcl 4-921] Waiver ID 'CDC-1' -to list should not be empty. [/home/11-comp-arch-f/Desktop/ecen4243S25QR/lab2/lab2/lab2.srcs/sources_1/bd/design_1/ip/design_1_axi_smc_0/bd_0/ip/ip_6/bd_afc3_sarn_0_clocks.xdc:116]
WARNING: [Vivado_Tcl 4-921] Waiver ID 'CDC-1' -to list should not be empty. [/home/11-comp-arch-f/Desktop/ecen4243S25QR/lab2/lab2/lab2.srcs/sources_1/bd/design_1/ip/design_1_axi_smc_0/bd_0/ip/ip_6/bd_afc3_sarn_0_clocks.xdc:119]
WARNING: [Vivado_Tcl 4-921] Waiver ID 'CDC-13' -to list should not be empty. [/home/11-comp-arch-f/Desktop/ecen4243S25QR/lab2/lab2/lab2.srcs/sources_1/bd/design_1/ip/design_1_axi_smc_0/bd_0/ip/ip_6/bd_afc3_sarn_0_clocks.xdc:122]
WARNING: [Vivado_Tcl 4-921] Waiver ID 'CDC-1' -to list should not be empty. [/home/11-comp-arch-f/Desktop/ecen4243S25QR/lab2/lab2/lab2.srcs/sources_1/bd/design_1/ip/design_1_axi_smc_0/bd_0/ip/ip_6/bd_afc3_sarn_0_clocks.xdc:125]
WARNING: [Vivado_Tcl 4-921] Waiver ID 'CDC-1' -to list should not be empty. [/home/11-comp-arch-f/Desktop/ecen4243S25QR/lab2/lab2/lab2.srcs/sources_1/bd/design_1/ip/design_1_axi_smc_0/bd_0/ip/ip_6/bd_afc3_sarn_0_clocks.xdc:128]
WARNING: [Vivado_Tcl 4-921] Waiver ID 'CDC-13' -to list should not be empty. [/home/11-comp-arch-f/Desktop/ecen4243S25QR/lab2/lab2/lab2.srcs/sources_1/bd/design_1/ip/design_1_axi_smc_0/bd_0/ip/ip_6/bd_afc3_sarn_0_clocks.xdc:131]
WARNING: [Vivado_Tcl 4-921] Waiver ID 'CDC-1' -to list should not be empty. [/home/11-comp-arch-f/Desktop/ecen4243S25QR/lab2/lab2/lab2.srcs/sources_1/bd/design_1/ip/design_1_axi_smc_0/bd_0/ip/ip_6/bd_afc3_sarn_0_clocks.xdc:134]
WARNING: [Vivado_Tcl 4-921] Waiver ID 'CDC-10' -to list should not be empty. [/home/11-comp-arch-f/Desktop/ecen4243S25QR/lab2/lab2/lab2.srcs/sources_1/bd/design_1/ip/design_1_axi_smc_0/bd_0/ip/ip_6/bd_afc3_sarn_0_clocks.xdc:137]
WARNING: [Vivado_Tcl 4-921] Waiver ID 'CDC-1' -to list should not be empty. [/home/11-comp-arch-f/Desktop/ecen4243S25QR/lab2/lab2/lab2.srcs/sources_1/bd/design_1/ip/design_1_axi_smc_0/bd_0/ip/ip_6/bd_afc3_sarn_0_clocks.xdc:140]
WARNING: [Vivado_Tcl 4-921] Waiver ID 'CDC-1' -to list should not be empty. [/home/11-comp-arch-f/Desktop/ecen4243S25QR/lab2/lab2/lab2.srcs/sources_1/bd/design_1/ip/design_1_axi_smc_0/bd_0/ip/ip_6/bd_afc3_sarn_0_clocks.xdc:143]
WARNING: [Vivado_Tcl 4-921] Waiver ID 'CDC-1' -to list should not be empty. [/home/11-comp-arch-f/Desktop/ecen4243S25QR/lab2/lab2/lab2.srcs/sources_1/bd/design_1/ip/design_1_axi_smc_0/bd_0/ip/ip_6/bd_afc3_sarn_0_clocks.xdc:146]
WARNING: [Vivado_Tcl 4-921] Waiver ID 'CDC-2' -to list should not be empty. [/home/11-comp-arch-f/Desktop/ecen4243S25QR/lab2/lab2/lab2.srcs/sources_1/bd/design_1/ip/design_1_axi_smc_0/bd_0/ip/ip_6/bd_afc3_sarn_0_clocks.xdc:149]
WARNING: [Vivado_Tcl 4-921] Waiver ID 'CDC-1' -to list should not be empty. [/home/11-comp-arch-f/Desktop/ecen4243S25QR/lab2/lab2/lab2.srcs/sources_1/bd/design_1/ip/design_1_axi_smc_0/bd_0/ip/ip_6/bd_afc3_sarn_0_clocks.xdc:152]
WARNING: [Vivado_Tcl 4-921] Waiver ID 'CDC-1' -to list should not be empty. [/home/11-comp-arch-f/Desktop/ecen4243S25QR/lab2/lab2/lab2.srcs/sources_1/bd/design_1/ip/design_1_axi_smc_0/bd_0/ip/ip_6/bd_afc3_sarn_0_clocks.xdc:155]
WARNING: [Vivado_Tcl 4-921] Waiver ID 'CDC-1' -to list should not be empty. [/home/11-comp-arch-f/Desktop/ecen4243S25QR/lab2/lab2/lab2.srcs/sources_1/bd/design_1/ip/design_1_axi_smc_0/bd_0/ip/ip_6/bd_afc3_sarn_0_clocks.xdc:158]
WARNING: [Vivado_Tcl 4-921] Waiver ID 'CDC-10' -to list should not be empty. [/home/11-comp-arch-f/Desktop/ecen4243S25QR/lab2/lab2/lab2.srcs/sources_1/bd/design_1/ip/design_1_axi_smc_0/bd_0/ip/ip_6/bd_afc3_sarn_0_clocks.xdc:161]
WARNING: [Vivado_Tcl 4-921] Waiver ID 'CDC-4' -to list should not be empty. [/home/11-comp-arch-f/Desktop/ecen4243S25QR/lab2/lab2/lab2.srcs/sources_1/bd/design_1/ip/design_1_axi_smc_0/bd_0/ip/ip_6/bd_afc3_sarn_0_clocks.xdc:164]
WARNING: [Vivado_Tcl 4-921] Waiver ID 'CDC-4' -to list should not be empty. [/home/11-comp-arch-f/Desktop/ecen4243S25QR/lab2/lab2/lab2.srcs/sources_1/bd/design_1/ip/design_1_axi_smc_0/bd_0/ip/ip_6/bd_afc3_sarn_0_clocks.xdc:167]
WARNING: [Vivado_Tcl 4-921] Waiver ID 'CDC-4' -to list should not be empty. [/home/11-comp-arch-f/Desktop/ecen4243S25QR/lab2/lab2/lab2.srcs/sources_1/bd/design_1/ip/design_1_axi_smc_0/bd_0/ip/ip_6/bd_afc3_sarn_0_clocks.xdc:171]
WARNING: [Vivado_Tcl 4-921] Waiver ID 'CDC-4' -to list should not be empty. [/home/11-comp-arch-f/Desktop/ecen4243S25QR/lab2/lab2/lab2.srcs/sources_1/bd/design_1/ip/design_1_axi_smc_0/bd_0/ip/ip_6/bd_afc3_sarn_0_clocks.xdc:174]
WARNING: [Vivado_Tcl 4-921] Waiver ID 'CDC-1' -to list should not be empty. [/home/11-comp-arch-f/Desktop/ecen4243S25QR/lab2/lab2/lab2.srcs/sources_1/bd/design_1/ip/design_1_axi_smc_0/bd_0/ip/ip_6/bd_afc3_sarn_0_clocks.xdc:178]
Finished Parsing XDC File [/home/11-comp-arch-f/Desktop/ecen4243S25QR/lab2/lab2/lab2.srcs/sources_1/bd/design_1/ip/design_1_axi_smc_0/bd_0/ip/ip_6/bd_afc3_sarn_0_clocks.xdc] for cell 'design_1_i/axi_smc/inst/s00_nodes/s00_ar_node/inst'
Parsing XDC File [/home/11-comp-arch-f/Desktop/ecen4243S25QR/lab2/lab2/lab2.srcs/sources_1/bd/design_1/ip/design_1_axi_smc_0/bd_0/ip/ip_7/bd_afc3_srn_0_clocks.xdc] for cell 'design_1_i/axi_smc/inst/s00_nodes/s00_r_node/inst'
WARNING: [Vivado_Tcl 4-921] Waiver ID 'CDC-1' -to list should not be empty. [/home/11-comp-arch-f/Desktop/ecen4243S25QR/lab2/lab2/lab2.srcs/sources_1/bd/design_1/ip/design_1_axi_smc_0/bd_0/ip/ip_7/bd_afc3_srn_0_clocks.xdc:49]
WARNING: [Vivado_Tcl 4-921] Waiver ID 'CDC-1' -to list should not be empty. [/home/11-comp-arch-f/Desktop/ecen4243S25QR/lab2/lab2/lab2.srcs/sources_1/bd/design_1/ip/design_1_axi_smc_0/bd_0/ip/ip_7/bd_afc3_srn_0_clocks.xdc:52]
WARNING: [Vivado_Tcl 4-921] Waiver ID 'CDC-1' -to list should not be empty. [/home/11-comp-arch-f/Desktop/ecen4243S25QR/lab2/lab2/lab2.srcs/sources_1/bd/design_1/ip/design_1_axi_smc_0/bd_0/ip/ip_7/bd_afc3_srn_0_clocks.xdc:55]
WARNING: [Vivado_Tcl 4-921] Waiver ID 'CDC-1' -to list should not be empty. [/home/11-comp-arch-f/Desktop/ecen4243S25QR/lab2/lab2/lab2.srcs/sources_1/bd/design_1/ip/design_1_axi_smc_0/bd_0/ip/ip_7/bd_afc3_srn_0_clocks.xdc:59]
WARNING: [Vivado_Tcl 4-921] Waiver ID 'CDC-1' -to list should not be empty. [/home/11-comp-arch-f/Desktop/ecen4243S25QR/lab2/lab2/lab2.srcs/sources_1/bd/design_1/ip/design_1_axi_smc_0/bd_0/ip/ip_7/bd_afc3_srn_0_clocks.xdc:63]
WARNING: [Vivado_Tcl 4-921] Waiver ID 'CDC-1' -to list should not be empty. [/home/11-comp-arch-f/Desktop/ecen4243S25QR/lab2/lab2/lab2.srcs/sources_1/bd/design_1/ip/design_1_axi_smc_0/bd_0/ip/ip_7/bd_afc3_srn_0_clocks.xdc:66]
WARNING: [Vivado_Tcl 4-921] Waiver ID 'CDC-1' -to list should not be empty. [/home/11-comp-arch-f/Desktop/ecen4243S25QR/lab2/lab2/lab2.srcs/sources_1/bd/design_1/ip/design_1_axi_smc_0/bd_0/ip/ip_7/bd_afc3_srn_0_clocks.xdc:70]
WARNING: [Vivado_Tcl 4-921] Waiver ID 'CDC-1' -to list should not be empty. [/home/11-comp-arch-f/Desktop/ecen4243S25QR/lab2/lab2/lab2.srcs/sources_1/bd/design_1/ip/design_1_axi_smc_0/bd_0/ip/ip_7/bd_afc3_srn_0_clocks.xdc:73]
WARNING: [Vivado_Tcl 4-921] Waiver ID 'CDC-1' -to list should not be empty. [/home/11-comp-arch-f/Desktop/ecen4243S25QR/lab2/lab2/lab2.srcs/sources_1/bd/design_1/ip/design_1_axi_smc_0/bd_0/ip/ip_7/bd_afc3_srn_0_clocks.xdc:76]
WARNING: [Vivado_Tcl 4-921] Waiver ID 'CDC-1' -to list should not be empty. [/home/11-comp-arch-f/Desktop/ecen4243S25QR/lab2/lab2/lab2.srcs/sources_1/bd/design_1/ip/design_1_axi_smc_0/bd_0/ip/ip_7/bd_afc3_srn_0_clocks.xdc:79]
WARNING: [Vivado_Tcl 4-921] Waiver ID 'CDC-1' -to list should not be empty. [/home/11-comp-arch-f/Desktop/ecen4243S25QR/lab2/lab2/lab2.srcs/sources_1/bd/design_1/ip/design_1_axi_smc_0/bd_0/ip/ip_7/bd_afc3_srn_0_clocks.xdc:82]
WARNING: [Vivado_Tcl 4-921] Waiver ID 'CDC-4' -to list should not be empty. [/home/11-comp-arch-f/Desktop/ecen4243S25QR/lab2/lab2/lab2.srcs/sources_1/bd/design_1/ip/design_1_axi_smc_0/bd_0/ip/ip_7/bd_afc3_srn_0_clocks.xdc:85]
WARNING: [Vivado_Tcl 4-921] Waiver ID 'CDC-4' -to list should not be empty. [/home/11-comp-arch-f/Desktop/ecen4243S25QR/lab2/lab2/lab2.srcs/sources_1/bd/design_1/ip/design_1_axi_smc_0/bd_0/ip/ip_7/bd_afc3_srn_0_clocks.xdc:88]
WARNING: [Vivado_Tcl 4-921] Waiver ID 'CDC-2' -to list should not be empty. [/home/11-comp-arch-f/Desktop/ecen4243S25QR/lab2/lab2/lab2.srcs/sources_1/bd/design_1/ip/design_1_axi_smc_0/bd_0/ip/ip_7/bd_afc3_srn_0_clocks.xdc:91]
WARNING: [Vivado_Tcl 4-921] Waiver ID 'CDC-2' -to list should not be empty. [/home/11-comp-arch-f/Desktop/ecen4243S25QR/lab2/lab2/lab2.srcs/sources_1/bd/design_1/ip/design_1_axi_smc_0/bd_0/ip/ip_7/bd_afc3_srn_0_clocks.xdc:94]
WARNING: [Vivado_Tcl 4-921] Waiver ID 'CDC-2' -to list should not be empty. [/home/11-comp-arch-f/Desktop/ecen4243S25QR/lab2/lab2/lab2.srcs/sources_1/bd/design_1/ip/design_1_axi_smc_0/bd_0/ip/ip_7/bd_afc3_srn_0_clocks.xdc:97]
WARNING: [Vivado_Tcl 4-921] Waiver ID 'CDC-2' -to list should not be empty. [/home/11-comp-arch-f/Desktop/ecen4243S25QR/lab2/lab2/lab2.srcs/sources_1/bd/design_1/ip/design_1_axi_smc_0/bd_0/ip/ip_7/bd_afc3_srn_0_clocks.xdc:100]
WARNING: [Vivado_Tcl 4-921] Waiver ID 'CDC-1' -to list should not be empty. [/home/11-comp-arch-f/Desktop/ecen4243S25QR/lab2/lab2/lab2.srcs/sources_1/bd/design_1/ip/design_1_axi_smc_0/bd_0/ip/ip_7/bd_afc3_srn_0_clocks.xdc:104]
WARNING: [Vivado_Tcl 4-921] Waiver ID 'CDC-10' -to list should not be empty. [/home/11-comp-arch-f/Desktop/ecen4243S25QR/lab2/lab2/lab2.srcs/sources_1/bd/design_1/ip/design_1_axi_smc_0/bd_0/ip/ip_7/bd_afc3_srn_0_clocks.xdc:107]
WARNING: [Vivado_Tcl 4-921] Waiver ID 'CDC-10' -to list should not be empty. [/home/11-comp-arch-f/Desktop/ecen4243S25QR/lab2/lab2/lab2.srcs/sources_1/bd/design_1/ip/design_1_axi_smc_0/bd_0/ip/ip_7/bd_afc3_srn_0_clocks.xdc:110]
WARNING: [Vivado_Tcl 4-921] Waiver ID 'CDC-1' -to list should not be empty. [/home/11-comp-arch-f/Desktop/ecen4243S25QR/lab2/lab2/lab2.srcs/sources_1/bd/design_1/ip/design_1_axi_smc_0/bd_0/ip/ip_7/bd_afc3_srn_0_clocks.xdc:113]
WARNING: [Vivado_Tcl 4-921] Waiver ID 'CDC-1' -to list should not be empty. [/home/11-comp-arch-f/Desktop/ecen4243S25QR/lab2/lab2/lab2.srcs/sources_1/bd/design_1/ip/design_1_axi_smc_0/bd_0/ip/ip_7/bd_afc3_srn_0_clocks.xdc:116]
WARNING: [Vivado_Tcl 4-921] Waiver ID 'CDC-1' -to list should not be empty. [/home/11-comp-arch-f/Desktop/ecen4243S25QR/lab2/lab2/lab2.srcs/sources_1/bd/design_1/ip/design_1_axi_smc_0/bd_0/ip/ip_7/bd_afc3_srn_0_clocks.xdc:119]
WARNING: [Vivado_Tcl 4-921] Waiver ID 'CDC-13' -to list should not be empty. [/home/11-comp-arch-f/Desktop/ecen4243S25QR/lab2/lab2/lab2.srcs/sources_1/bd/design_1/ip/design_1_axi_smc_0/bd_0/ip/ip_7/bd_afc3_srn_0_clocks.xdc:122]
WARNING: [Vivado_Tcl 4-921] Waiver ID 'CDC-1' -to list should not be empty. [/home/11-comp-arch-f/Desktop/ecen4243S25QR/lab2/lab2/lab2.srcs/sources_1/bd/design_1/ip/design_1_axi_smc_0/bd_0/ip/ip_7/bd_afc3_srn_0_clocks.xdc:125]
WARNING: [Vivado_Tcl 4-921] Waiver ID 'CDC-1' -to list should not be empty. [/home/11-comp-arch-f/Desktop/ecen4243S25QR/lab2/lab2/lab2.srcs/sources_1/bd/design_1/ip/design_1_axi_smc_0/bd_0/ip/ip_7/bd_afc3_srn_0_clocks.xdc:128]
WARNING: [Vivado_Tcl 4-921] Waiver ID 'CDC-13' -to list should not be empty. [/home/11-comp-arch-f/Desktop/ecen4243S25QR/lab2/lab2/lab2.srcs/sources_1/bd/design_1/ip/design_1_axi_smc_0/bd_0/ip/ip_7/bd_afc3_srn_0_clocks.xdc:131]
WARNING: [Vivado_Tcl 4-921] Waiver ID 'CDC-1' -to list should not be empty. [/home/11-comp-arch-f/Desktop/ecen4243S25QR/lab2/lab2/lab2.srcs/sources_1/bd/design_1/ip/design_1_axi_smc_0/bd_0/ip/ip_7/bd_afc3_srn_0_clocks.xdc:134]
WARNING: [Vivado_Tcl 4-921] Waiver ID 'CDC-10' -to list should not be empty. [/home/11-comp-arch-f/Desktop/ecen4243S25QR/lab2/lab2/lab2.srcs/sources_1/bd/design_1/ip/design_1_axi_smc_0/bd_0/ip/ip_7/bd_afc3_srn_0_clocks.xdc:137]
WARNING: [Vivado_Tcl 4-921] Waiver ID 'CDC-2' -to list should not be empty. [/home/11-comp-arch-f/Desktop/ecen4243S25QR/lab2/lab2/lab2.srcs/sources_1/bd/design_1/ip/design_1_axi_smc_0/bd_0/ip/ip_7/bd_afc3_srn_0_clocks.xdc:149]
WARNING: [Vivado_Tcl 4-921] Waiver ID 'CDC-1' -to list should not be empty. [/home/11-comp-arch-f/Desktop/ecen4243S25QR/lab2/lab2/lab2.srcs/sources_1/bd/design_1/ip/design_1_axi_smc_0/bd_0/ip/ip_7/bd_afc3_srn_0_clocks.xdc:158]
WARNING: [Vivado_Tcl 4-921] Waiver ID 'CDC-10' -to list should not be empty. [/home/11-comp-arch-f/Desktop/ecen4243S25QR/lab2/lab2/lab2.srcs/sources_1/bd/design_1/ip/design_1_axi_smc_0/bd_0/ip/ip_7/bd_afc3_srn_0_clocks.xdc:161]
WARNING: [Vivado_Tcl 4-921] Waiver ID 'CDC-4' -to list should not be empty. [/home/11-comp-arch-f/Desktop/ecen4243S25QR/lab2/lab2/lab2.srcs/sources_1/bd/design_1/ip/design_1_axi_smc_0/bd_0/ip/ip_7/bd_afc3_srn_0_clocks.xdc:164]
WARNING: [Vivado_Tcl 4-921] Waiver ID 'CDC-4' -to list should not be empty. [/home/11-comp-arch-f/Desktop/ecen4243S25QR/lab2/lab2/lab2.srcs/sources_1/bd/design_1/ip/design_1_axi_smc_0/bd_0/ip/ip_7/bd_afc3_srn_0_clocks.xdc:167]
WARNING: [Vivado_Tcl 4-921] Waiver ID 'CDC-4' -to list should not be empty. [/home/11-comp-arch-f/Desktop/ecen4243S25QR/lab2/lab2/lab2.srcs/sources_1/bd/design_1/ip/design_1_axi_smc_0/bd_0/ip/ip_7/bd_afc3_srn_0_clocks.xdc:171]
WARNING: [Vivado_Tcl 4-921] Waiver ID 'CDC-4' -to list should not be empty. [/home/11-comp-arch-f/Desktop/ecen4243S25QR/lab2/lab2/lab2.srcs/sources_1/bd/design_1/ip/design_1_axi_smc_0/bd_0/ip/ip_7/bd_afc3_srn_0_clocks.xdc:174]
WARNING: [Vivado_Tcl 4-921] Waiver ID 'CDC-1' -to list should not be empty. [/home/11-comp-arch-f/Desktop/ecen4243S25QR/lab2/lab2/lab2.srcs/sources_1/bd/design_1/ip/design_1_axi_smc_0/bd_0/ip/ip_7/bd_afc3_srn_0_clocks.xdc:178]
Finished Parsing XDC File [/home/11-comp-arch-f/Desktop/ecen4243S25QR/lab2/lab2/lab2.srcs/sources_1/bd/design_1/ip/design_1_axi_smc_0/bd_0/ip/ip_7/bd_afc3_srn_0_clocks.xdc] for cell 'design_1_i/axi_smc/inst/s00_nodes/s00_r_node/inst'
Parsing XDC File [/home/11-comp-arch-f/Desktop/ecen4243S25QR/lab2/lab2/lab2.srcs/sources_1/bd/design_1/ip/design_1_axi_smc_0/bd_0/ip/ip_8/bd_afc3_sawn_0_clocks.xdc] for cell 'design_1_i/axi_smc/inst/s00_nodes/s00_aw_node/inst'
WARNING: [Vivado_Tcl 4-921] Waiver ID 'CDC-1' -to list should not be empty. [/home/11-comp-arch-f/Desktop/ecen4243S25QR/lab2/lab2/lab2.srcs/sources_1/bd/design_1/ip/design_1_axi_smc_0/bd_0/ip/ip_8/bd_afc3_sawn_0_clocks.xdc:49]
WARNING: [Vivado_Tcl 4-921] Waiver ID 'CDC-1' -to list should not be empty. [/home/11-comp-arch-f/Desktop/ecen4243S25QR/lab2/lab2/lab2.srcs/sources_1/bd/design_1/ip/design_1_axi_smc_0/bd_0/ip/ip_8/bd_afc3_sawn_0_clocks.xdc:52]
WARNING: [Vivado_Tcl 4-921] Waiver ID 'CDC-1' -to list should not be empty. [/home/11-comp-arch-f/Desktop/ecen4243S25QR/lab2/lab2/lab2.srcs/sources_1/bd/design_1/ip/design_1_axi_smc_0/bd_0/ip/ip_8/bd_afc3_sawn_0_clocks.xdc:55]
WARNING: [Vivado_Tcl 4-921] Waiver ID 'CDC-1' -to list should not be empty. [/home/11-comp-arch-f/Desktop/ecen4243S25QR/lab2/lab2/lab2.srcs/sources_1/bd/design_1/ip/design_1_axi_smc_0/bd_0/ip/ip_8/bd_afc3_sawn_0_clocks.xdc:59]
WARNING: [Vivado_Tcl 4-921] Waiver ID 'CDC-1' -to list should not be empty. [/home/11-comp-arch-f/Desktop/ecen4243S25QR/lab2/lab2/lab2.srcs/sources_1/bd/design_1/ip/design_1_axi_smc_0/bd_0/ip/ip_8/bd_afc3_sawn_0_clocks.xdc:63]
WARNING: [Vivado_Tcl 4-921] Waiver ID 'CDC-1' -to list should not be empty. [/home/11-comp-arch-f/Desktop/ecen4243S25QR/lab2/lab2/lab2.srcs/sources_1/bd/design_1/ip/design_1_axi_smc_0/bd_0/ip/ip_8/bd_afc3_sawn_0_clocks.xdc:66]
WARNING: [Vivado_Tcl 4-921] Waiver ID 'CDC-1' -to list should not be empty. [/home/11-comp-arch-f/Desktop/ecen4243S25QR/lab2/lab2/lab2.srcs/sources_1/bd/design_1/ip/design_1_axi_smc_0/bd_0/ip/ip_8/bd_afc3_sawn_0_clocks.xdc:70]
WARNING: [Vivado_Tcl 4-921] Waiver ID 'CDC-1' -to list should not be empty. [/home/11-comp-arch-f/Desktop/ecen4243S25QR/lab2/lab2/lab2.srcs/sources_1/bd/design_1/ip/design_1_axi_smc_0/bd_0/ip/ip_8/bd_afc3_sawn_0_clocks.xdc:73]
WARNING: [Vivado_Tcl 4-921] Waiver ID 'CDC-1' -to list should not be empty. [/home/11-comp-arch-f/Desktop/ecen4243S25QR/lab2/lab2/lab2.srcs/sources_1/bd/design_1/ip/design_1_axi_smc_0/bd_0/ip/ip_8/bd_afc3_sawn_0_clocks.xdc:76]
WARNING: [Vivado_Tcl 4-921] Waiver ID 'CDC-1' -to list should not be empty. [/home/11-comp-arch-f/Desktop/ecen4243S25QR/lab2/lab2/lab2.srcs/sources_1/bd/design_1/ip/design_1_axi_smc_0/bd_0/ip/ip_8/bd_afc3_sawn_0_clocks.xdc:79]
WARNING: [Vivado_Tcl 4-921] Waiver ID 'CDC-1' -to list should not be empty. [/home/11-comp-arch-f/Desktop/ecen4243S25QR/lab2/lab2/lab2.srcs/sources_1/bd/design_1/ip/design_1_axi_smc_0/bd_0/ip/ip_8/bd_afc3_sawn_0_clocks.xdc:82]
WARNING: [Vivado_Tcl 4-921] Waiver ID 'CDC-4' -to list should not be empty. [/home/11-comp-arch-f/Desktop/ecen4243S25QR/lab2/lab2/lab2.srcs/sources_1/bd/design_1/ip/design_1_axi_smc_0/bd_0/ip/ip_8/bd_afc3_sawn_0_clocks.xdc:85]
WARNING: [Vivado_Tcl 4-921] Waiver ID 'CDC-4' -to list should not be empty. [/home/11-comp-arch-f/Desktop/ecen4243S25QR/lab2/lab2/lab2.srcs/sources_1/bd/design_1/ip/design_1_axi_smc_0/bd_0/ip/ip_8/bd_afc3_sawn_0_clocks.xdc:88]
WARNING: [Vivado_Tcl 4-921] Waiver ID 'CDC-2' -to list should not be empty. [/home/11-comp-arch-f/Desktop/ecen4243S25QR/lab2/lab2/lab2.srcs/sources_1/bd/design_1/ip/design_1_axi_smc_0/bd_0/ip/ip_8/bd_afc3_sawn_0_clocks.xdc:91]
INFO: [Common 17-14] Message 'Vivado 12-180' appears 100 times and further instances of the messages will be disabled. Use the Tcl command set_msg_config to change the current settings. [/home/11-comp-arch-f/Desktop/ecen4243S25QR/lab2/lab2/lab2.srcs/sources_1/bd/design_1/ip/design_1_axi_smc_0/bd_0/ip/ip_8/bd_afc3_sawn_0_clocks.xdc:94]
WARNING: [Vivado_Tcl 4-921] Waiver ID 'CDC-2' -to list should not be empty. [/home/11-comp-arch-f/Desktop/ecen4243S25QR/lab2/lab2/lab2.srcs/sources_1/bd/design_1/ip/design_1_axi_smc_0/bd_0/ip/ip_8/bd_afc3_sawn_0_clocks.xdc:94]
WARNING: [Vivado_Tcl 4-921] Waiver ID 'CDC-2' -to list should not be empty. [/home/11-comp-arch-f/Desktop/ecen4243S25QR/lab2/lab2/lab2.srcs/sources_1/bd/design_1/ip/design_1_axi_smc_0/bd_0/ip/ip_8/bd_afc3_sawn_0_clocks.xdc:97]
WARNING: [Vivado_Tcl 4-921] Waiver ID 'CDC-2' -to list should not be empty. [/home/11-comp-arch-f/Desktop/ecen4243S25QR/lab2/lab2/lab2.srcs/sources_1/bd/design_1/ip/design_1_axi_smc_0/bd_0/ip/ip_8/bd_afc3_sawn_0_clocks.xdc:100]
WARNING: [Vivado_Tcl 4-921] Waiver ID 'CDC-1' -to list should not be empty. [/home/11-comp-arch-f/Desktop/ecen4243S25QR/lab2/lab2/lab2.srcs/sources_1/bd/design_1/ip/design_1_axi_smc_0/bd_0/ip/ip_8/bd_afc3_sawn_0_clocks.xdc:104]
WARNING: [Vivado_Tcl 4-921] Waiver ID 'CDC-10' -to list should not be empty. [/home/11-comp-arch-f/Desktop/ecen4243S25QR/lab2/lab2/lab2.srcs/sources_1/bd/design_1/ip/design_1_axi_smc_0/bd_0/ip/ip_8/bd_afc3_sawn_0_clocks.xdc:107]
WARNING: [Vivado_Tcl 4-921] Waiver ID 'CDC-10' -to list should not be empty. [/home/11-comp-arch-f/Desktop/ecen4243S25QR/lab2/lab2/lab2.srcs/sources_1/bd/design_1/ip/design_1_axi_smc_0/bd_0/ip/ip_8/bd_afc3_sawn_0_clocks.xdc:110]
WARNING: [Vivado_Tcl 4-921] Waiver ID 'CDC-1' -to list should not be empty. [/home/11-comp-arch-f/Desktop/ecen4243S25QR/lab2/lab2/lab2.srcs/sources_1/bd/design_1/ip/design_1_axi_smc_0/bd_0/ip/ip_8/bd_afc3_sawn_0_clocks.xdc:113]
INFO: [Common 17-14] Message 'Vivado_Tcl 4-921' appears 100 times and further instances of the messages will be disabled. Use the Tcl command set_msg_config to change the current settings. [/home/11-comp-arch-f/Desktop/ecen4243S25QR/lab2/lab2/lab2.srcs/sources_1/bd/design_1/ip/design_1_axi_smc_0/bd_0/ip/ip_8/bd_afc3_sawn_0_clocks.xdc:113]
Finished Parsing XDC File [/home/11-comp-arch-f/Desktop/ecen4243S25QR/lab2/lab2/lab2.srcs/sources_1/bd/design_1/ip/design_1_axi_smc_0/bd_0/ip/ip_8/bd_afc3_sawn_0_clocks.xdc] for cell 'design_1_i/axi_smc/inst/s00_nodes/s00_aw_node/inst'
Parsing XDC File [/home/11-comp-arch-f/Desktop/ecen4243S25QR/lab2/lab2/lab2.srcs/sources_1/bd/design_1/ip/design_1_axi_smc_0/bd_0/ip/ip_9/bd_afc3_swn_0_clocks.xdc] for cell 'design_1_i/axi_smc/inst/s00_nodes/s00_w_node/inst'
Finished Parsing XDC File [/home/11-comp-arch-f/Desktop/ecen4243S25QR/lab2/lab2/lab2.srcs/sources_1/bd/design_1/ip/design_1_axi_smc_0/bd_0/ip/ip_9/bd_afc3_swn_0_clocks.xdc] for cell 'design_1_i/axi_smc/inst/s00_nodes/s00_w_node/inst'
Parsing XDC File [/home/11-comp-arch-f/Desktop/ecen4243S25QR/lab2/lab2/lab2.srcs/sources_1/bd/design_1/ip/design_1_axi_smc_0/bd_0/ip/ip_10/bd_afc3_sbn_0_clocks.xdc] for cell 'design_1_i/axi_smc/inst/s00_nodes/s00_b_node/inst'
Finished Parsing XDC File [/home/11-comp-arch-f/Desktop/ecen4243S25QR/lab2/lab2/lab2.srcs/sources_1/bd/design_1/ip/design_1_axi_smc_0/bd_0/ip/ip_10/bd_afc3_sbn_0_clocks.xdc] for cell 'design_1_i/axi_smc/inst/s00_nodes/s00_b_node/inst'
Parsing XDC File [/home/11-comp-arch-f/Desktop/ecen4243S25QR/lab2/lab2/lab2.srcs/sources_1/bd/design_1/ip/design_1_axi_smc_0/smartconnect.xdc] for cell 'design_1_i/axi_smc/inst'
WARNING: [Vivado_Tcl 4-919] Waiver ID 'CDC-1' -from list should not be empty. [/home/11-comp-arch-f/Desktop/ecen4243S25QR/lab2/lab2/lab2.srcs/sources_1/bd/design_1/ip/design_1_axi_smc_0/smartconnect.xdc:1]
Finished Parsing XDC File [/home/11-comp-arch-f/Desktop/ecen4243S25QR/lab2/lab2/lab2.srcs/sources_1/bd/design_1/ip/design_1_axi_smc_0/smartconnect.xdc] for cell 'design_1_i/axi_smc/inst'
Parsing XDC File [/home/11-comp-arch-f/Desktop/ecen4243S25QR/lab2/lab2/lab2.srcs/sources_1/bd/design_1/ip/design_1_rst_ps7_0_50M_0/design_1_rst_ps7_0_50M_0_board.xdc] for cell 'design_1_i/rst_ps7_0_50M/U0'
Finished Parsing XDC File [/home/11-comp-arch-f/Desktop/ecen4243S25QR/lab2/lab2/lab2.srcs/sources_1/bd/design_1/ip/design_1_rst_ps7_0_50M_0/design_1_rst_ps7_0_50M_0_board.xdc] for cell 'design_1_i/rst_ps7_0_50M/U0'
Parsing XDC File [/home/11-comp-arch-f/Desktop/ecen4243S25QR/lab2/lab2/lab2.srcs/sources_1/bd/design_1/ip/design_1_rst_ps7_0_50M_0/design_1_rst_ps7_0_50M_0.xdc] for cell 'design_1_i/rst_ps7_0_50M/U0'
Finished Parsing XDC File [/home/11-comp-arch-f/Desktop/ecen4243S25QR/lab2/lab2/lab2.srcs/sources_1/bd/design_1/ip/design_1_rst_ps7_0_50M_0/design_1_rst_ps7_0_50M_0.xdc] for cell 'design_1_i/rst_ps7_0_50M/U0'
Parsing XDC File [/home/11-comp-arch-f/Desktop/ecen4243S25QR/lab2/lab2/lab2.srcs/constrs_1/new/constr.xdc]
Finished Parsing XDC File [/home/11-comp-arch-f/Desktop/ecen4243S25QR/lab2/lab2/lab2.srcs/constrs_1/new/constr.xdc]
INFO: [Project 1-1714] 19 XPM XDC files have been applied to the design.
INFO: [Opt 31-138] Pushed 0 inverter(s) to 0 load pin(s).
INFO: [Project 1-1687] 228 scoped IP constraints or related sub-commands were skipped due to synthesis logic optimizations usually triggered by constant connectivity or unconnected output pins. To review the skipped constraints and messages, run the command 'set_param netlist.IPMsgFiltering false' before opening the design.
Netlist sorting complete. Time (s): cpu = 00:00:00 ; elapsed = 00:00:00 . Memory (MB): peak = 10248.418 ; gain = 0.000 ; free physical = 5167 ; free virtual = 12160
INFO: [Project 1-111] Unisim Transformation Summary:
  A total of 66 instances were transformed.
  RAM32M => RAM32M (RAMD32(x6), RAMS32(x2)): 62 instances
  RAM32X1D => RAM32X1D (RAMD32(x2)): 4 instances

WARNING: [filemgmt 56-199] Attempt to get parsing info during refresh. "On-the-fly" syntax checking information may be incorrect. [/home/11-comp-arch-f/Desktop/ecen4243S25QR/lab2/lab2/lab2.srcs/sources_1/bd/design_1/ip/design_1_top_0_0/design_1_top_0_0_sim_netlist.vhdl:]
WARNING: [filemgmt 56-199] Attempt to get parsing info during refresh. "On-the-fly" syntax checking information may be incorrect. [/home/11-comp-arch-f/Desktop/ecen4243S25QR/lab2/lab2/lab2.srcs/sources_1/imports/fpga/src/imem.sv:]
WARNING: [filemgmt 56-199] Attempt to get parsing info during refresh. "On-the-fly" syntax checking information may be incorrect. [/home/11-comp-arch-f/Desktop/riscv_single.sv:]
WARNING: [filemgmt 56-199] Attempt to get parsing info during refresh. "On-the-fly" syntax checking information may be incorrect. [/home/11-comp-arch-f/Desktop/ecen4243S25QR/lab2/lab2/lab2.srcs/sources_1/imports/fpga/src/top.v:]
WARNING: [filemgmt 56-199] Attempt to get parsing info during refresh. "On-the-fly" syntax checking information may be incorrect. [/home/11-comp-arch-f/Desktop/ecen4243S25QR/lab2/lab2/lab2.srcs/sources_1/bd/design_1/ip/design_1_top_0_0/design_1_top_0_0_sim_netlist.v:]
WARNING: [filemgmt 56-199] Attempt to get parsing info during refresh. "On-the-fly" syntax checking information may be incorrect. [/home/11-comp-arch-f/Desktop/ecen4243S25QR/lab2/lab2/lab2.srcs/sources_1/imports/Desktop/riscv_single.sv:]
WARNING: [filemgmt 56-199] Attempt to get parsing info during refresh. "On-the-fly" syntax checking information may be incorrect. [/home/11-comp-arch-f/Desktop/ecen4243S25QR/lab2/lab2/lab2.srcs/sources_1/bd/design_1/ip/design_1_top_0_0/design_1_top_0_0_sim_netlist.vhdl:]
WARNING: [filemgmt 56-199] Attempt to get parsing info during refresh. "On-the-fly" syntax checking information may be incorrect. [/home/11-comp-arch-f/Desktop/ecen4243S25QR/lab2/lab2/lab2.srcs/sources_1/imports/fpga/src/imem.sv:]
WARNING: [filemgmt 56-199] Attempt to get parsing info during refresh. "On-the-fly" syntax checking information may be incorrect. [/home/11-comp-arch-f/Desktop/riscv_single.sv:]
WARNING: [filemgmt 56-199] Attempt to get parsing info during refresh. "On-the-fly" syntax checking information may be incorrect. [/home/11-comp-arch-f/Desktop/ecen4243S25QR/lab2/lab2/lab2.srcs/sources_1/imports/fpga/src/top.v:]
WARNING: [filemgmt 56-199] Attempt to get parsing info during refresh. "On-the-fly" syntax checking information may be incorrect. [/home/11-comp-arch-f/Desktop/ecen4243S25QR/lab2/lab2/lab2.srcs/sources_1/bd/design_1/ip/design_1_top_0_0/design_1_top_0_0_sim_netlist.v:]
WARNING: [filemgmt 56-199] Attempt to get parsing info during refresh. "On-the-fly" syntax checking information may be incorrect. [/home/11-comp-arch-f/Desktop/ecen4243S25QR/lab2/lab2/lab2.srcs/sources_1/imports/Desktop/riscv_single.sv:]
WARNING: [filemgmt 56-199] Attempt to get parsing info during refresh. "On-the-fly" syntax checking information may be incorrect. [/home/11-comp-arch-f/Desktop/ecen4243S25QR/lab2/lab2/lab2.srcs/sources_1/bd/design_1/ip/design_1_top_0_0/design_1_top_0_0_sim_netlist.vhdl:]
WARNING: [filemgmt 56-199] Attempt to get parsing info during refresh. "On-the-fly" syntax checking information may be incorrect. [/home/11-comp-arch-f/Desktop/ecen4243S25QR/lab2/lab2/lab2.srcs/sources_1/imports/fpga/src/imem.sv:]
WARNING: [filemgmt 56-199] Attempt to get parsing info during refresh. "On-the-fly" syntax checking information may be incorrect. [/home/11-comp-arch-f/Desktop/riscv_single.sv:]
WARNING: [filemgmt 56-199] Attempt to get parsing info during refresh. "On-the-fly" syntax checking information may be incorrect. [/home/11-comp-arch-f/Desktop/ecen4243S25QR/lab2/lab2/lab2.srcs/sources_1/imports/fpga/src/top.v:]
WARNING: [filemgmt 56-199] Attempt to get parsing info during refresh. "On-the-fly" syntax checking information may be incorrect. [/home/11-comp-arch-f/Desktop/ecen4243S25QR/lab2/lab2/lab2.srcs/sources_1/bd/design_1/ip/design_1_top_0_0/design_1_top_0_0_sim_netlist.v:]
WARNING: [filemgmt 56-199] Attempt to get parsing info during refresh. "On-the-fly" syntax checking information may be incorrect. [/home/11-comp-arch-f/Desktop/ecen4243S25QR/lab2/lab2/lab2.srcs/sources_1/imports/Desktop/riscv_single.sv:]
WARNING: [filemgmt 56-199] Attempt to get parsing info during refresh. "On-the-fly" syntax checking information may be incorrect. [/home/11-comp-arch-f/Desktop/ecen4243S25QR/lab2/lab2/lab2.srcs/sources_1/bd/design_1/ip/design_1_top_0_0/design_1_top_0_0_sim_netlist.vhdl:]
WARNING: [filemgmt 56-199] Attempt to get parsing info during refresh. "On-the-fly" syntax checking information may be incorrect. [/home/11-comp-arch-f/Desktop/ecen4243S25QR/lab2/lab2/lab2.srcs/sources_1/imports/fpga/src/imem.sv:]
WARNING: [filemgmt 56-199] Attempt to get parsing info during refresh. "On-the-fly" syntax checking information may be incorrect. [/home/11-comp-arch-f/Desktop/riscv_single.sv:]
WARNING: [filemgmt 56-199] Attempt to get parsing info during refresh. "On-the-fly" syntax checking information may be incorrect. [/home/11-comp-arch-f/Desktop/ecen4243S25QR/lab2/lab2/lab2.srcs/sources_1/imports/fpga/src/top.v:]
WARNING: [filemgmt 56-199] Attempt to get parsing info during refresh. "On-the-fly" syntax checking information may be incorrect. [/home/11-comp-arch-f/Desktop/ecen4243S25QR/lab2/lab2/lab2.srcs/sources_1/bd/design_1/ip/design_1_top_0_0/design_1_top_0_0_sim_netlist.v:]
WARNING: [filemgmt 56-199] Attempt to get parsing info during refresh. "On-the-fly" syntax checking information may be incorrect. [/home/11-comp-arch-f/Desktop/ecen4243S25QR/lab2/lab2/lab2.srcs/sources_1/imports/Desktop/riscv_single.sv:]
WARNING: [filemgmt 56-199] Attempt to get parsing info during refresh. "On-the-fly" syntax checking information may be incorrect. [/home/11-comp-arch-f/Desktop/ecen4243S25QR/lab2/lab2/lab2.srcs/sources_1/bd/design_1/ip/design_1_top_0_0/design_1_top_0_0_sim_netlist.vhdl:]
WARNING: [filemgmt 56-199] Attempt to get parsing info during refresh. "On-the-fly" syntax checking information may be incorrect. [/home/11-comp-arch-f/Desktop/ecen4243S25QR/lab2/lab2/lab2.srcs/sources_1/imports/fpga/src/imem.sv:]
WARNING: [filemgmt 56-199] Attempt to get parsing info during refresh. "On-the-fly" syntax checking information may be incorrect. [/home/11-comp-arch-f/Desktop/riscv_single.sv:]
WARNING: [filemgmt 56-199] Attempt to get parsing info during refresh. "On-the-fly" syntax checking information may be incorrect. [/home/11-comp-arch-f/Desktop/ecen4243S25QR/lab2/lab2/lab2.srcs/sources_1/imports/fpga/src/top.v:]
WARNING: [filemgmt 56-199] Attempt to get parsing info during refresh. "On-the-fly" syntax checking information may be incorrect. [/home/11-comp-arch-f/Desktop/ecen4243S25QR/lab2/lab2/lab2.srcs/sources_1/bd/design_1/ip/design_1_top_0_0/design_1_top_0_0_sim_netlist.v:]
WARNING: [filemgmt 56-199] Attempt to get parsing info during refresh. "On-the-fly" syntax checking information may be incorrect. [/home/11-comp-arch-f/Desktop/ecen4243S25QR/lab2/lab2/lab2.srcs/sources_1/imports/Desktop/riscv_single.sv:]
update_compile_order -fileset sources_1
WARNING: [filemgmt 56-199] Attempt to get parsing info during refresh. "On-the-fly" syntax checking information may be incorrect. [/home/11-comp-arch-f/Desktop/ecen4243S25QR/lab2/lab2/lab2.srcs/sources_1/bd/design_1/ip/design_1_top_0_0/design_1_top_0_0_sim_netlist.vhdl:]
WARNING: [filemgmt 56-199] Attempt to get parsing info during refresh. "On-the-fly" syntax checking information may be incorrect. [/home/11-comp-arch-f/Desktop/ecen4243S25QR/lab2/lab2/lab2.srcs/sources_1/imports/fpga/src/imem.sv:]
WARNING: [filemgmt 56-199] Attempt to get parsing info during refresh. "On-the-fly" syntax checking information may be incorrect. [/home/11-comp-arch-f/Desktop/riscv_single.sv:]
WARNING: [filemgmt 56-199] Attempt to get parsing info during refresh. "On-the-fly" syntax checking information may be incorrect. [/home/11-comp-arch-f/Desktop/ecen4243S25QR/lab2/lab2/lab2.srcs/sources_1/imports/fpga/src/top.v:]
WARNING: [filemgmt 56-199] Attempt to get parsing info during refresh. "On-the-fly" syntax checking information may be incorrect. [/home/11-comp-arch-f/Desktop/ecen4243S25QR/lab2/lab2/lab2.srcs/sources_1/bd/design_1/ip/design_1_top_0_0/design_1_top_0_0_sim_netlist.v:]
WARNING: [filemgmt 56-199] Attempt to get parsing info during refresh. "On-the-fly" syntax checking information may be incorrect. [/home/11-comp-arch-f/Desktop/ecen4243S25QR/lab2/lab2/lab2.srcs/sources_1/imports/Desktop/riscv_single.sv:]
WARNING: [filemgmt 56-199] Attempt to get parsing info during refresh. "On-the-fly" syntax checking information may be incorrect. [/home/11-comp-arch-f/Desktop/ecen4243S25QR/lab2/lab2/lab2.srcs/sources_1/bd/design_1/ip/design_1_top_0_0/design_1_top_0_0_sim_netlist.vhdl:]
WARNING: [filemgmt 56-199] Attempt to get parsing info during refresh. "On-the-fly" syntax checking information may be incorrect. [/home/11-comp-arch-f/Desktop/ecen4243S25QR/lab2/lab2/lab2.srcs/sources_1/imports/fpga/src/imem.sv:]
WARNING: [filemgmt 56-199] Attempt to get parsing info during refresh. "On-the-fly" syntax checking information may be incorrect. [/home/11-comp-arch-f/Desktop/riscv_single.sv:]
WARNING: [filemgmt 56-199] Attempt to get parsing info during refresh. "On-the-fly" syntax checking information may be incorrect. [/home/11-comp-arch-f/Desktop/ecen4243S25QR/lab2/lab2/lab2.srcs/sources_1/imports/fpga/src/top.v:]
WARNING: [filemgmt 56-199] Attempt to get parsing info during refresh. "On-the-fly" syntax checking information may be incorrect. [/home/11-comp-arch-f/Desktop/ecen4243S25QR/lab2/lab2/lab2.srcs/sources_1/bd/design_1/ip/design_1_top_0_0/design_1_top_0_0_sim_netlist.v:]
WARNING: [filemgmt 56-199] Attempt to get parsing info during refresh. "On-the-fly" syntax checking information may be incorrect. [/home/11-comp-arch-f/Desktop/ecen4243S25QR/lab2/lab2/lab2.srcs/sources_1/imports/Desktop/riscv_single.sv:]
WARNING: [filemgmt 56-199] Attempt to get parsing info during refresh. "On-the-fly" syntax checking information may be incorrect. [/home/11-comp-arch-f/Desktop/ecen4243S25QR/lab2/lab2/lab2.srcs/sources_1/bd/design_1/ip/design_1_top_0_0/design_1_top_0_0_sim_netlist.vhdl:]
WARNING: [filemgmt 56-199] Attempt to get parsing info during refresh. "On-the-fly" syntax checking information may be incorrect. [/home/11-comp-arch-f/Desktop/ecen4243S25QR/lab2/lab2/lab2.srcs/sources_1/imports/fpga/src/imem.sv:]
WARNING: [filemgmt 56-199] Attempt to get parsing info during refresh. "On-the-fly" syntax checking information may be incorrect. [/home/11-comp-arch-f/Desktop/riscv_single.sv:]
WARNING: [filemgmt 56-199] Attempt to get parsing info during refresh. "On-the-fly" syntax checking information may be incorrect. [/home/11-comp-arch-f/Desktop/ecen4243S25QR/lab2/lab2/lab2.srcs/sources_1/imports/fpga/src/top.v:]
WARNING: [filemgmt 56-199] Attempt to get parsing info during refresh. "On-the-fly" syntax checking information may be incorrect. [/home/11-comp-arch-f/Desktop/ecen4243S25QR/lab2/lab2/lab2.srcs/sources_1/bd/design_1/ip/design_1_top_0_0/design_1_top_0_0_sim_netlist.v:]
WARNING: [filemgmt 56-199] Attempt to get parsing info during refresh. "On-the-fly" syntax checking information may be incorrect. [/home/11-comp-arch-f/Desktop/ecen4243S25QR/lab2/lab2/lab2.srcs/sources_1/imports/Desktop/riscv_single.sv:]
WARNING: [filemgmt 56-199] Attempt to get parsing info during refresh. "On-the-fly" syntax checking information may be incorrect. [/home/11-comp-arch-f/Desktop/ecen4243S25QR/lab2/lab2/lab2.srcs/sources_1/bd/design_1/ip/design_1_top_0_0/design_1_top_0_0_sim_netlist.vhdl:]
WARNING: [filemgmt 56-199] Attempt to get parsing info during refresh. "On-the-fly" syntax checking information may be incorrect. [/home/11-comp-arch-f/Desktop/ecen4243S25QR/lab2/lab2/lab2.srcs/sources_1/imports/fpga/src/imem.sv:]
WARNING: [filemgmt 56-199] Attempt to get parsing info during refresh. "On-the-fly" syntax checking information may be incorrect. [/home/11-comp-arch-f/Desktop/riscv_single.sv:]
WARNING: [filemgmt 56-199] Attempt to get parsing info during refresh. "On-the-fly" syntax checking information may be incorrect. [/home/11-comp-arch-f/Desktop/ecen4243S25QR/lab2/lab2/lab2.srcs/sources_1/imports/fpga/src/top.v:]
WARNING: [filemgmt 56-199] Attempt to get parsing info during refresh. "On-the-fly" syntax checking information may be incorrect. [/home/11-comp-arch-f/Desktop/ecen4243S25QR/lab2/lab2/lab2.srcs/sources_1/bd/design_1/ip/design_1_top_0_0/design_1_top_0_0_sim_netlist.v:]
WARNING: [filemgmt 56-199] Attempt to get parsing info during refresh. "On-the-fly" syntax checking information may be incorrect. [/home/11-comp-arch-f/Desktop/ecen4243S25QR/lab2/lab2/lab2.srcs/sources_1/imports/Desktop/riscv_single.sv:]
WARNING: [filemgmt 56-199] Attempt to get parsing info during refresh. "On-the-fly" syntax checking information may be incorrect. [/home/11-comp-arch-f/Desktop/ecen4243S25QR/lab2/lab2/lab2.srcs/sources_1/bd/design_1/ip/design_1_top_0_0/design_1_top_0_0_sim_netlist.vhdl:]
WARNING: [filemgmt 56-199] Attempt to get parsing info during refresh. "On-the-fly" syntax checking information may be incorrect. [/home/11-comp-arch-f/Desktop/ecen4243S25QR/lab2/lab2/lab2.srcs/sources_1/imports/fpga/src/imem.sv:]
WARNING: [filemgmt 56-199] Attempt to get parsing info during refresh. "On-the-fly" syntax checking information may be incorrect. [/home/11-comp-arch-f/Desktop/riscv_single.sv:]
WARNING: [filemgmt 56-199] Attempt to get parsing info during refresh. "On-the-fly" syntax checking information may be incorrect. [/home/11-comp-arch-f/Desktop/ecen4243S25QR/lab2/lab2/lab2.srcs/sources_1/imports/fpga/src/top.v:]
WARNING: [filemgmt 56-199] Attempt to get parsing info during refresh. "On-the-fly" syntax checking information may be incorrect. [/home/11-comp-arch-f/Desktop/ecen4243S25QR/lab2/lab2/lab2.srcs/sources_1/bd/design_1/ip/design_1_top_0_0/design_1_top_0_0_sim_netlist.v:]
WARNING: [filemgmt 56-199] Attempt to get parsing info during refresh. "On-the-fly" syntax checking information may be incorrect. [/home/11-comp-arch-f/Desktop/ecen4243S25QR/lab2/lab2/lab2.srcs/sources_1/imports/Desktop/riscv_single.sv:]
source setup.tcl
# import_files -norecurse riscv_single.sv
WARNING: [filemgmt 20-354] The following file(s) were not imported. Local copy of file(s) already exists:
/home/11-comp-arch-f/Desktop/riscv_single.sv
Hint: use the '-force' option to overwrite the local copies.
# update_compile_order -fileset sources_1
# reset_run synth_1
# launch_runs impl_1 -to_step write_bitstream -jobs 5
WARNING: [Project 1-478] Design 'synth_1' is stale and will not be used when launching 'impl_1'
[Fri Mar 14 17:24:40 2025] Launched synth_1...
Run output will be captured here: /home/11-comp-arch-f/Desktop/ecen4243S25QR/lab2/lab2/lab2.runs/synth_1/runme.log
[Fri Mar 14 17:24:40 2025] Launched impl_1...
Run output will be captured here: /home/11-comp-arch-f/Desktop/ecen4243S25QR/lab2/lab2/lab2.runs/impl_1/runme.log
close_design
close_design
open_run synth_1 -name synth_1
Design is defaulting to impl run constrset: constrs_1
Design is defaulting to synth run part: xc7z020clg484-1
INFO: [Project 1-454] Reading design checkpoint '/home/11-comp-arch-f/Desktop/ecen4243S25QR/lab2/lab2/lab2.srcs/sources_1/bd/design_1/ip/design_1_AXI_Converter_0_0/design_1_AXI_Converter_0_0.dcp' for cell 'design_1_i/AXI_Converter_0'
INFO: [Project 1-454] Reading design checkpoint '/home/11-comp-arch-f/Desktop/ecen4243S25QR/lab2/lab2/lab2.srcs/sources_1/bd/design_1/ip/design_1_axi_smc_0/design_1_axi_smc_0.dcp' for cell 'design_1_i/axi_smc'
INFO: [Project 1-454] Reading design checkpoint '/home/11-comp-arch-f/Desktop/ecen4243S25QR/lab2/lab2/lab2.srcs/sources_1/bd/design_1/ip/design_1_processing_system7_0_0/design_1_processing_system7_0_0.dcp' for cell 'design_1_i/processing_system7_0'
INFO: [Project 1-454] Reading design checkpoint '/home/11-comp-arch-f/Desktop/ecen4243S25QR/lab2/lab2/lab2.srcs/sources_1/bd/design_1/ip/design_1_rst_ps7_0_50M_0/design_1_rst_ps7_0_50M_0.dcp' for cell 'design_1_i/rst_ps7_0_50M'
INFO: [Project 1-454] Reading design checkpoint '/home/11-comp-arch-f/Desktop/ecen4243S25QR/lab2/lab2/lab2.srcs/sources_1/bd/design_1/ip/design_1_top_0_0/design_1_top_0_0.dcp' for cell 'design_1_i/top_0'
Netlist sorting complete. Time (s): cpu = 00:00:00.06 ; elapsed = 00:00:00.06 . Memory (MB): peak = 10360.254 ; gain = 0.000 ; free physical = 3204 ; free virtual = 10202
INFO: [Netlist 29-17] Analyzing 163 Unisim elements for replacement
INFO: [Netlist 29-28] Unisim Transformation completed in 0 CPU seconds
INFO: [Project 1-479] Netlist was created with Vivado 2023.2
INFO: [Project 1-570] Preparing netlist for logic optimization
Parsing XDC File [/home/11-comp-arch-f/Desktop/ecen4243S25QR/lab2/lab2/lab2.srcs/sources_1/bd/design_1/ip/design_1_processing_system7_0_0/design_1_processing_system7_0_0.xdc] for cell 'design_1_i/processing_system7_0/inst'
Finished Parsing XDC File [/home/11-comp-arch-f/Desktop/ecen4243S25QR/lab2/lab2/lab2.srcs/sources_1/bd/design_1/ip/design_1_processing_system7_0_0/design_1_processing_system7_0_0.xdc] for cell 'design_1_i/processing_system7_0/inst'
Parsing XDC File [/home/11-comp-arch-f/Desktop/ecen4243S25QR/lab2/lab2/lab2.srcs/sources_1/bd/design_1/ip/design_1_axi_smc_0/bd_0/ip/ip_1/bd_afc3_psr_aclk_0_board.xdc] for cell 'design_1_i/axi_smc/inst/clk_map/psr_aclk/U0'
Finished Parsing XDC File [/home/11-comp-arch-f/Desktop/ecen4243S25QR/lab2/lab2/lab2.srcs/sources_1/bd/design_1/ip/design_1_axi_smc_0/bd_0/ip/ip_1/bd_afc3_psr_aclk_0_board.xdc] for cell 'design_1_i/axi_smc/inst/clk_map/psr_aclk/U0'
Parsing XDC File [/home/11-comp-arch-f/Desktop/ecen4243S25QR/lab2/lab2/lab2.srcs/sources_1/bd/design_1/ip/design_1_axi_smc_0/bd_0/ip/ip_1/bd_afc3_psr_aclk_0.xdc] for cell 'design_1_i/axi_smc/inst/clk_map/psr_aclk/U0'
Finished Parsing XDC File [/home/11-comp-arch-f/Desktop/ecen4243S25QR/lab2/lab2/lab2.srcs/sources_1/bd/design_1/ip/design_1_axi_smc_0/bd_0/ip/ip_1/bd_afc3_psr_aclk_0.xdc] for cell 'design_1_i/axi_smc/inst/clk_map/psr_aclk/U0'
Parsing XDC File [/home/11-comp-arch-f/Desktop/ecen4243S25QR/lab2/lab2/lab2.srcs/sources_1/bd/design_1/ip/design_1_axi_smc_0/bd_0/ip/ip_6/bd_afc3_sarn_0_clocks.xdc] for cell 'design_1_i/axi_smc/inst/s00_nodes/s00_ar_node/inst'
WARNING: [Vivado_Tcl 4-921] Waiver ID 'CDC-1' -to list should not be empty. [/home/11-comp-arch-f/Desktop/ecen4243S25QR/lab2/lab2/lab2.srcs/sources_1/bd/design_1/ip/design_1_axi_smc_0/bd_0/ip/ip_6/bd_afc3_sarn_0_clocks.xdc:49]
WARNING: [Vivado_Tcl 4-921] Waiver ID 'CDC-1' -to list should not be empty. [/home/11-comp-arch-f/Desktop/ecen4243S25QR/lab2/lab2/lab2.srcs/sources_1/bd/design_1/ip/design_1_axi_smc_0/bd_0/ip/ip_6/bd_afc3_sarn_0_clocks.xdc:52]
WARNING: [Vivado_Tcl 4-921] Waiver ID 'CDC-1' -to list should not be empty. [/home/11-comp-arch-f/Desktop/ecen4243S25QR/lab2/lab2/lab2.srcs/sources_1/bd/design_1/ip/design_1_axi_smc_0/bd_0/ip/ip_6/bd_afc3_sarn_0_clocks.xdc:55]
WARNING: [Vivado_Tcl 4-921] Waiver ID 'CDC-1' -to list should not be empty. [/home/11-comp-arch-f/Desktop/ecen4243S25QR/lab2/lab2/lab2.srcs/sources_1/bd/design_1/ip/design_1_axi_smc_0/bd_0/ip/ip_6/bd_afc3_sarn_0_clocks.xdc:59]
WARNING: [Vivado_Tcl 4-921] Waiver ID 'CDC-1' -to list should not be empty. [/home/11-comp-arch-f/Desktop/ecen4243S25QR/lab2/lab2/lab2.srcs/sources_1/bd/design_1/ip/design_1_axi_smc_0/bd_0/ip/ip_6/bd_afc3_sarn_0_clocks.xdc:63]
WARNING: [Vivado_Tcl 4-921] Waiver ID 'CDC-1' -to list should not be empty. [/home/11-comp-arch-f/Desktop/ecen4243S25QR/lab2/lab2/lab2.srcs/sources_1/bd/design_1/ip/design_1_axi_smc_0/bd_0/ip/ip_6/bd_afc3_sarn_0_clocks.xdc:66]
WARNING: [Vivado_Tcl 4-921] Waiver ID 'CDC-1' -to list should not be empty. [/home/11-comp-arch-f/Desktop/ecen4243S25QR/lab2/lab2/lab2.srcs/sources_1/bd/design_1/ip/design_1_axi_smc_0/bd_0/ip/ip_6/bd_afc3_sarn_0_clocks.xdc:70]
WARNING: [Vivado_Tcl 4-921] Waiver ID 'CDC-1' -to list should not be empty. [/home/11-comp-arch-f/Desktop/ecen4243S25QR/lab2/lab2/lab2.srcs/sources_1/bd/design_1/ip/design_1_axi_smc_0/bd_0/ip/ip_6/bd_afc3_sarn_0_clocks.xdc:73]
WARNING: [Vivado_Tcl 4-921] Waiver ID 'CDC-1' -to list should not be empty. [/home/11-comp-arch-f/Desktop/ecen4243S25QR/lab2/lab2/lab2.srcs/sources_1/bd/design_1/ip/design_1_axi_smc_0/bd_0/ip/ip_6/bd_afc3_sarn_0_clocks.xdc:76]
WARNING: [Vivado_Tcl 4-921] Waiver ID 'CDC-1' -to list should not be empty. [/home/11-comp-arch-f/Desktop/ecen4243S25QR/lab2/lab2/lab2.srcs/sources_1/bd/design_1/ip/design_1_axi_smc_0/bd_0/ip/ip_6/bd_afc3_sarn_0_clocks.xdc:79]
WARNING: [Vivado_Tcl 4-921] Waiver ID 'CDC-1' -to list should not be empty. [/home/11-comp-arch-f/Desktop/ecen4243S25QR/lab2/lab2/lab2.srcs/sources_1/bd/design_1/ip/design_1_axi_smc_0/bd_0/ip/ip_6/bd_afc3_sarn_0_clocks.xdc:82]
WARNING: [Vivado_Tcl 4-921] Waiver ID 'CDC-4' -to list should not be empty. [/home/11-comp-arch-f/Desktop/ecen4243S25QR/lab2/lab2/lab2.srcs/sources_1/bd/design_1/ip/design_1_axi_smc_0/bd_0/ip/ip_6/bd_afc3_sarn_0_clocks.xdc:85]
WARNING: [Vivado_Tcl 4-921] Waiver ID 'CDC-4' -to list should not be empty. [/home/11-comp-arch-f/Desktop/ecen4243S25QR/lab2/lab2/lab2.srcs/sources_1/bd/design_1/ip/design_1_axi_smc_0/bd_0/ip/ip_6/bd_afc3_sarn_0_clocks.xdc:88]
WARNING: [Vivado_Tcl 4-921] Waiver ID 'CDC-2' -to list should not be empty. [/home/11-comp-arch-f/Desktop/ecen4243S25QR/lab2/lab2/lab2.srcs/sources_1/bd/design_1/ip/design_1_axi_smc_0/bd_0/ip/ip_6/bd_afc3_sarn_0_clocks.xdc:91]
WARNING: [Vivado_Tcl 4-921] Waiver ID 'CDC-2' -to list should not be empty. [/home/11-comp-arch-f/Desktop/ecen4243S25QR/lab2/lab2/lab2.srcs/sources_1/bd/design_1/ip/design_1_axi_smc_0/bd_0/ip/ip_6/bd_afc3_sarn_0_clocks.xdc:94]
WARNING: [Vivado_Tcl 4-921] Waiver ID 'CDC-2' -to list should not be empty. [/home/11-comp-arch-f/Desktop/ecen4243S25QR/lab2/lab2/lab2.srcs/sources_1/bd/design_1/ip/design_1_axi_smc_0/bd_0/ip/ip_6/bd_afc3_sarn_0_clocks.xdc:97]
WARNING: [Vivado_Tcl 4-921] Waiver ID 'CDC-2' -to list should not be empty. [/home/11-comp-arch-f/Desktop/ecen4243S25QR/lab2/lab2/lab2.srcs/sources_1/bd/design_1/ip/design_1_axi_smc_0/bd_0/ip/ip_6/bd_afc3_sarn_0_clocks.xdc:100]
WARNING: [Vivado_Tcl 4-921] Waiver ID 'CDC-1' -to list should not be empty. [/home/11-comp-arch-f/Desktop/ecen4243S25QR/lab2/lab2/lab2.srcs/sources_1/bd/design_1/ip/design_1_axi_smc_0/bd_0/ip/ip_6/bd_afc3_sarn_0_clocks.xdc:104]
WARNING: [Vivado_Tcl 4-921] Waiver ID 'CDC-10' -to list should not be empty. [/home/11-comp-arch-f/Desktop/ecen4243S25QR/lab2/lab2/lab2.srcs/sources_1/bd/design_1/ip/design_1_axi_smc_0/bd_0/ip/ip_6/bd_afc3_sarn_0_clocks.xdc:107]
WARNING: [Vivado_Tcl 4-921] Waiver ID 'CDC-10' -to list should not be empty. [/home/11-comp-arch-f/Desktop/ecen4243S25QR/lab2/lab2/lab2.srcs/sources_1/bd/design_1/ip/design_1_axi_smc_0/bd_0/ip/ip_6/bd_afc3_sarn_0_clocks.xdc:110]
WARNING: [Vivado_Tcl 4-921] Waiver ID 'CDC-1' -to list should not be empty. [/home/11-comp-arch-f/Desktop/ecen4243S25QR/lab2/lab2/lab2.srcs/sources_1/bd/design_1/ip/design_1_axi_smc_0/bd_0/ip/ip_6/bd_afc3_sarn_0_clocks.xdc:113]
WARNING: [Vivado_Tcl 4-921] Waiver ID 'CDC-1' -to list should not be empty. [/home/11-comp-arch-f/Desktop/ecen4243S25QR/lab2/lab2/lab2.srcs/sources_1/bd/design_1/ip/design_1_axi_smc_0/bd_0/ip/ip_6/bd_afc3_sarn_0_clocks.xdc:116]
WARNING: [Vivado_Tcl 4-921] Waiver ID 'CDC-1' -to list should not be empty. [/home/11-comp-arch-f/Desktop/ecen4243S25QR/lab2/lab2/lab2.srcs/sources_1/bd/design_1/ip/design_1_axi_smc_0/bd_0/ip/ip_6/bd_afc3_sarn_0_clocks.xdc:119]
WARNING: [Vivado_Tcl 4-921] Waiver ID 'CDC-13' -to list should not be empty. [/home/11-comp-arch-f/Desktop/ecen4243S25QR/lab2/lab2/lab2.srcs/sources_1/bd/design_1/ip/design_1_axi_smc_0/bd_0/ip/ip_6/bd_afc3_sarn_0_clocks.xdc:122]
WARNING: [Vivado_Tcl 4-921] Waiver ID 'CDC-1' -to list should not be empty. [/home/11-comp-arch-f/Desktop/ecen4243S25QR/lab2/lab2/lab2.srcs/sources_1/bd/design_1/ip/design_1_axi_smc_0/bd_0/ip/ip_6/bd_afc3_sarn_0_clocks.xdc:125]
WARNING: [Vivado_Tcl 4-921] Waiver ID 'CDC-1' -to list should not be empty. [/home/11-comp-arch-f/Desktop/ecen4243S25QR/lab2/lab2/lab2.srcs/sources_1/bd/design_1/ip/design_1_axi_smc_0/bd_0/ip/ip_6/bd_afc3_sarn_0_clocks.xdc:128]
WARNING: [Vivado_Tcl 4-921] Waiver ID 'CDC-13' -to list should not be empty. [/home/11-comp-arch-f/Desktop/ecen4243S25QR/lab2/lab2/lab2.srcs/sources_1/bd/design_1/ip/design_1_axi_smc_0/bd_0/ip/ip_6/bd_afc3_sarn_0_clocks.xdc:131]
WARNING: [Vivado_Tcl 4-921] Waiver ID 'CDC-1' -to list should not be empty. [/home/11-comp-arch-f/Desktop/ecen4243S25QR/lab2/lab2/lab2.srcs/sources_1/bd/design_1/ip/design_1_axi_smc_0/bd_0/ip/ip_6/bd_afc3_sarn_0_clocks.xdc:134]
WARNING: [Vivado_Tcl 4-921] Waiver ID 'CDC-10' -to list should not be empty. [/home/11-comp-arch-f/Desktop/ecen4243S25QR/lab2/lab2/lab2.srcs/sources_1/bd/design_1/ip/design_1_axi_smc_0/bd_0/ip/ip_6/bd_afc3_sarn_0_clocks.xdc:137]
WARNING: [Vivado_Tcl 4-921] Waiver ID 'CDC-1' -to list should not be empty. [/home/11-comp-arch-f/Desktop/ecen4243S25QR/lab2/lab2/lab2.srcs/sources_1/bd/design_1/ip/design_1_axi_smc_0/bd_0/ip/ip_6/bd_afc3_sarn_0_clocks.xdc:140]
WARNING: [Vivado_Tcl 4-921] Waiver ID 'CDC-1' -to list should not be empty. [/home/11-comp-arch-f/Desktop/ecen4243S25QR/lab2/lab2/lab2.srcs/sources_1/bd/design_1/ip/design_1_axi_smc_0/bd_0/ip/ip_6/bd_afc3_sarn_0_clocks.xdc:143]
WARNING: [Vivado_Tcl 4-921] Waiver ID 'CDC-1' -to list should not be empty. [/home/11-comp-arch-f/Desktop/ecen4243S25QR/lab2/lab2/lab2.srcs/sources_1/bd/design_1/ip/design_1_axi_smc_0/bd_0/ip/ip_6/bd_afc3_sarn_0_clocks.xdc:146]
WARNING: [Vivado_Tcl 4-921] Waiver ID 'CDC-2' -to list should not be empty. [/home/11-comp-arch-f/Desktop/ecen4243S25QR/lab2/lab2/lab2.srcs/sources_1/bd/design_1/ip/design_1_axi_smc_0/bd_0/ip/ip_6/bd_afc3_sarn_0_clocks.xdc:149]
WARNING: [Vivado_Tcl 4-921] Waiver ID 'CDC-1' -to list should not be empty. [/home/11-comp-arch-f/Desktop/ecen4243S25QR/lab2/lab2/lab2.srcs/sources_1/bd/design_1/ip/design_1_axi_smc_0/bd_0/ip/ip_6/bd_afc3_sarn_0_clocks.xdc:152]
WARNING: [Vivado_Tcl 4-921] Waiver ID 'CDC-1' -to list should not be empty. [/home/11-comp-arch-f/Desktop/ecen4243S25QR/lab2/lab2/lab2.srcs/sources_1/bd/design_1/ip/design_1_axi_smc_0/bd_0/ip/ip_6/bd_afc3_sarn_0_clocks.xdc:155]
WARNING: [Vivado_Tcl 4-921] Waiver ID 'CDC-1' -to list should not be empty. [/home/11-comp-arch-f/Desktop/ecen4243S25QR/lab2/lab2/lab2.srcs/sources_1/bd/design_1/ip/design_1_axi_smc_0/bd_0/ip/ip_6/bd_afc3_sarn_0_clocks.xdc:158]
WARNING: [Vivado_Tcl 4-921] Waiver ID 'CDC-10' -to list should not be empty. [/home/11-comp-arch-f/Desktop/ecen4243S25QR/lab2/lab2/lab2.srcs/sources_1/bd/design_1/ip/design_1_axi_smc_0/bd_0/ip/ip_6/bd_afc3_sarn_0_clocks.xdc:161]
WARNING: [Vivado_Tcl 4-921] Waiver ID 'CDC-4' -to list should not be empty. [/home/11-comp-arch-f/Desktop/ecen4243S25QR/lab2/lab2/lab2.srcs/sources_1/bd/design_1/ip/design_1_axi_smc_0/bd_0/ip/ip_6/bd_afc3_sarn_0_clocks.xdc:164]
WARNING: [Vivado_Tcl 4-921] Waiver ID 'CDC-4' -to list should not be empty. [/home/11-comp-arch-f/Desktop/ecen4243S25QR/lab2/lab2/lab2.srcs/sources_1/bd/design_1/ip/design_1_axi_smc_0/bd_0/ip/ip_6/bd_afc3_sarn_0_clocks.xdc:167]
WARNING: [Vivado_Tcl 4-921] Waiver ID 'CDC-4' -to list should not be empty. [/home/11-comp-arch-f/Desktop/ecen4243S25QR/lab2/lab2/lab2.srcs/sources_1/bd/design_1/ip/design_1_axi_smc_0/bd_0/ip/ip_6/bd_afc3_sarn_0_clocks.xdc:171]
WARNING: [Vivado_Tcl 4-921] Waiver ID 'CDC-4' -to list should not be empty. [/home/11-comp-arch-f/Desktop/ecen4243S25QR/lab2/lab2/lab2.srcs/sources_1/bd/design_1/ip/design_1_axi_smc_0/bd_0/ip/ip_6/bd_afc3_sarn_0_clocks.xdc:174]
WARNING: [Vivado_Tcl 4-921] Waiver ID 'CDC-1' -to list should not be empty. [/home/11-comp-arch-f/Desktop/ecen4243S25QR/lab2/lab2/lab2.srcs/sources_1/bd/design_1/ip/design_1_axi_smc_0/bd_0/ip/ip_6/bd_afc3_sarn_0_clocks.xdc:178]
Finished Parsing XDC File [/home/11-comp-arch-f/Desktop/ecen4243S25QR/lab2/lab2/lab2.srcs/sources_1/bd/design_1/ip/design_1_axi_smc_0/bd_0/ip/ip_6/bd_afc3_sarn_0_clocks.xdc] for cell 'design_1_i/axi_smc/inst/s00_nodes/s00_ar_node/inst'
Parsing XDC File [/home/11-comp-arch-f/Desktop/ecen4243S25QR/lab2/lab2/lab2.srcs/sources_1/bd/design_1/ip/design_1_axi_smc_0/bd_0/ip/ip_7/bd_afc3_srn_0_clocks.xdc] for cell 'design_1_i/axi_smc/inst/s00_nodes/s00_r_node/inst'
WARNING: [Vivado_Tcl 4-921] Waiver ID 'CDC-1' -to list should not be empty. [/home/11-comp-arch-f/Desktop/ecen4243S25QR/lab2/lab2/lab2.srcs/sources_1/bd/design_1/ip/design_1_axi_smc_0/bd_0/ip/ip_7/bd_afc3_srn_0_clocks.xdc:49]
WARNING: [Vivado_Tcl 4-921] Waiver ID 'CDC-1' -to list should not be empty. [/home/11-comp-arch-f/Desktop/ecen4243S25QR/lab2/lab2/lab2.srcs/sources_1/bd/design_1/ip/design_1_axi_smc_0/bd_0/ip/ip_7/bd_afc3_srn_0_clocks.xdc:52]
WARNING: [Vivado_Tcl 4-921] Waiver ID 'CDC-1' -to list should not be empty. [/home/11-comp-arch-f/Desktop/ecen4243S25QR/lab2/lab2/lab2.srcs/sources_1/bd/design_1/ip/design_1_axi_smc_0/bd_0/ip/ip_7/bd_afc3_srn_0_clocks.xdc:55]
WARNING: [Vivado_Tcl 4-921] Waiver ID 'CDC-1' -to list should not be empty. [/home/11-comp-arch-f/Desktop/ecen4243S25QR/lab2/lab2/lab2.srcs/sources_1/bd/design_1/ip/design_1_axi_smc_0/bd_0/ip/ip_7/bd_afc3_srn_0_clocks.xdc:59]
WARNING: [Vivado_Tcl 4-921] Waiver ID 'CDC-1' -to list should not be empty. [/home/11-comp-arch-f/Desktop/ecen4243S25QR/lab2/lab2/lab2.srcs/sources_1/bd/design_1/ip/design_1_axi_smc_0/bd_0/ip/ip_7/bd_afc3_srn_0_clocks.xdc:63]
WARNING: [Vivado_Tcl 4-921] Waiver ID 'CDC-1' -to list should not be empty. [/home/11-comp-arch-f/Desktop/ecen4243S25QR/lab2/lab2/lab2.srcs/sources_1/bd/design_1/ip/design_1_axi_smc_0/bd_0/ip/ip_7/bd_afc3_srn_0_clocks.xdc:66]
WARNING: [Vivado_Tcl 4-921] Waiver ID 'CDC-1' -to list should not be empty. [/home/11-comp-arch-f/Desktop/ecen4243S25QR/lab2/lab2/lab2.srcs/sources_1/bd/design_1/ip/design_1_axi_smc_0/bd_0/ip/ip_7/bd_afc3_srn_0_clocks.xdc:70]
WARNING: [Vivado_Tcl 4-921] Waiver ID 'CDC-1' -to list should not be empty. [/home/11-comp-arch-f/Desktop/ecen4243S25QR/lab2/lab2/lab2.srcs/sources_1/bd/design_1/ip/design_1_axi_smc_0/bd_0/ip/ip_7/bd_afc3_srn_0_clocks.xdc:73]
WARNING: [Vivado_Tcl 4-921] Waiver ID 'CDC-1' -to list should not be empty. [/home/11-comp-arch-f/Desktop/ecen4243S25QR/lab2/lab2/lab2.srcs/sources_1/bd/design_1/ip/design_1_axi_smc_0/bd_0/ip/ip_7/bd_afc3_srn_0_clocks.xdc:76]
WARNING: [Vivado_Tcl 4-921] Waiver ID 'CDC-1' -to list should not be empty. [/home/11-comp-arch-f/Desktop/ecen4243S25QR/lab2/lab2/lab2.srcs/sources_1/bd/design_1/ip/design_1_axi_smc_0/bd_0/ip/ip_7/bd_afc3_srn_0_clocks.xdc:79]
WARNING: [Vivado_Tcl 4-921] Waiver ID 'CDC-1' -to list should not be empty. [/home/11-comp-arch-f/Desktop/ecen4243S25QR/lab2/lab2/lab2.srcs/sources_1/bd/design_1/ip/design_1_axi_smc_0/bd_0/ip/ip_7/bd_afc3_srn_0_clocks.xdc:82]
WARNING: [Vivado_Tcl 4-921] Waiver ID 'CDC-4' -to list should not be empty. [/home/11-comp-arch-f/Desktop/ecen4243S25QR/lab2/lab2/lab2.srcs/sources_1/bd/design_1/ip/design_1_axi_smc_0/bd_0/ip/ip_7/bd_afc3_srn_0_clocks.xdc:85]
WARNING: [Vivado_Tcl 4-921] Waiver ID 'CDC-4' -to list should not be empty. [/home/11-comp-arch-f/Desktop/ecen4243S25QR/lab2/lab2/lab2.srcs/sources_1/bd/design_1/ip/design_1_axi_smc_0/bd_0/ip/ip_7/bd_afc3_srn_0_clocks.xdc:88]
WARNING: [Vivado_Tcl 4-921] Waiver ID 'CDC-2' -to list should not be empty. [/home/11-comp-arch-f/Desktop/ecen4243S25QR/lab2/lab2/lab2.srcs/sources_1/bd/design_1/ip/design_1_axi_smc_0/bd_0/ip/ip_7/bd_afc3_srn_0_clocks.xdc:91]
WARNING: [Vivado_Tcl 4-921] Waiver ID 'CDC-2' -to list should not be empty. [/home/11-comp-arch-f/Desktop/ecen4243S25QR/lab2/lab2/lab2.srcs/sources_1/bd/design_1/ip/design_1_axi_smc_0/bd_0/ip/ip_7/bd_afc3_srn_0_clocks.xdc:94]
WARNING: [Vivado_Tcl 4-921] Waiver ID 'CDC-2' -to list should not be empty. [/home/11-comp-arch-f/Desktop/ecen4243S25QR/lab2/lab2/lab2.srcs/sources_1/bd/design_1/ip/design_1_axi_smc_0/bd_0/ip/ip_7/bd_afc3_srn_0_clocks.xdc:97]
WARNING: [Vivado_Tcl 4-921] Waiver ID 'CDC-2' -to list should not be empty. [/home/11-comp-arch-f/Desktop/ecen4243S25QR/lab2/lab2/lab2.srcs/sources_1/bd/design_1/ip/design_1_axi_smc_0/bd_0/ip/ip_7/bd_afc3_srn_0_clocks.xdc:100]
WARNING: [Vivado_Tcl 4-921] Waiver ID 'CDC-1' -to list should not be empty. [/home/11-comp-arch-f/Desktop/ecen4243S25QR/lab2/lab2/lab2.srcs/sources_1/bd/design_1/ip/design_1_axi_smc_0/bd_0/ip/ip_7/bd_afc3_srn_0_clocks.xdc:104]
WARNING: [Vivado_Tcl 4-921] Waiver ID 'CDC-10' -to list should not be empty. [/home/11-comp-arch-f/Desktop/ecen4243S25QR/lab2/lab2/lab2.srcs/sources_1/bd/design_1/ip/design_1_axi_smc_0/bd_0/ip/ip_7/bd_afc3_srn_0_clocks.xdc:107]
WARNING: [Vivado_Tcl 4-921] Waiver ID 'CDC-10' -to list should not be empty. [/home/11-comp-arch-f/Desktop/ecen4243S25QR/lab2/lab2/lab2.srcs/sources_1/bd/design_1/ip/design_1_axi_smc_0/bd_0/ip/ip_7/bd_afc3_srn_0_clocks.xdc:110]
WARNING: [Vivado_Tcl 4-921] Waiver ID 'CDC-1' -to list should not be empty. [/home/11-comp-arch-f/Desktop/ecen4243S25QR/lab2/lab2/lab2.srcs/sources_1/bd/design_1/ip/design_1_axi_smc_0/bd_0/ip/ip_7/bd_afc3_srn_0_clocks.xdc:113]
WARNING: [Vivado_Tcl 4-921] Waiver ID 'CDC-1' -to list should not be empty. [/home/11-comp-arch-f/Desktop/ecen4243S25QR/lab2/lab2/lab2.srcs/sources_1/bd/design_1/ip/design_1_axi_smc_0/bd_0/ip/ip_7/bd_afc3_srn_0_clocks.xdc:116]
WARNING: [Vivado_Tcl 4-921] Waiver ID 'CDC-1' -to list should not be empty. [/home/11-comp-arch-f/Desktop/ecen4243S25QR/lab2/lab2/lab2.srcs/sources_1/bd/design_1/ip/design_1_axi_smc_0/bd_0/ip/ip_7/bd_afc3_srn_0_clocks.xdc:119]
WARNING: [Vivado_Tcl 4-921] Waiver ID 'CDC-13' -to list should not be empty. [/home/11-comp-arch-f/Desktop/ecen4243S25QR/lab2/lab2/lab2.srcs/sources_1/bd/design_1/ip/design_1_axi_smc_0/bd_0/ip/ip_7/bd_afc3_srn_0_clocks.xdc:122]
WARNING: [Vivado_Tcl 4-921] Waiver ID 'CDC-1' -to list should not be empty. [/home/11-comp-arch-f/Desktop/ecen4243S25QR/lab2/lab2/lab2.srcs/sources_1/bd/design_1/ip/design_1_axi_smc_0/bd_0/ip/ip_7/bd_afc3_srn_0_clocks.xdc:125]
WARNING: [Vivado_Tcl 4-921] Waiver ID 'CDC-1' -to list should not be empty. [/home/11-comp-arch-f/Desktop/ecen4243S25QR/lab2/lab2/lab2.srcs/sources_1/bd/design_1/ip/design_1_axi_smc_0/bd_0/ip/ip_7/bd_afc3_srn_0_clocks.xdc:128]
WARNING: [Vivado_Tcl 4-921] Waiver ID 'CDC-13' -to list should not be empty. [/home/11-comp-arch-f/Desktop/ecen4243S25QR/lab2/lab2/lab2.srcs/sources_1/bd/design_1/ip/design_1_axi_smc_0/bd_0/ip/ip_7/bd_afc3_srn_0_clocks.xdc:131]
WARNING: [Vivado_Tcl 4-921] Waiver ID 'CDC-1' -to list should not be empty. [/home/11-comp-arch-f/Desktop/ecen4243S25QR/lab2/lab2/lab2.srcs/sources_1/bd/design_1/ip/design_1_axi_smc_0/bd_0/ip/ip_7/bd_afc3_srn_0_clocks.xdc:134]
WARNING: [Vivado_Tcl 4-921] Waiver ID 'CDC-10' -to list should not be empty. [/home/11-comp-arch-f/Desktop/ecen4243S25QR/lab2/lab2/lab2.srcs/sources_1/bd/design_1/ip/design_1_axi_smc_0/bd_0/ip/ip_7/bd_afc3_srn_0_clocks.xdc:137]
WARNING: [Vivado_Tcl 4-921] Waiver ID 'CDC-2' -to list should not be empty. [/home/11-comp-arch-f/Desktop/ecen4243S25QR/lab2/lab2/lab2.srcs/sources_1/bd/design_1/ip/design_1_axi_smc_0/bd_0/ip/ip_7/bd_afc3_srn_0_clocks.xdc:149]
WARNING: [Vivado_Tcl 4-921] Waiver ID 'CDC-1' -to list should not be empty. [/home/11-comp-arch-f/Desktop/ecen4243S25QR/lab2/lab2/lab2.srcs/sources_1/bd/design_1/ip/design_1_axi_smc_0/bd_0/ip/ip_7/bd_afc3_srn_0_clocks.xdc:158]
WARNING: [Vivado_Tcl 4-921] Waiver ID 'CDC-10' -to list should not be empty. [/home/11-comp-arch-f/Desktop/ecen4243S25QR/lab2/lab2/lab2.srcs/sources_1/bd/design_1/ip/design_1_axi_smc_0/bd_0/ip/ip_7/bd_afc3_srn_0_clocks.xdc:161]
WARNING: [Vivado_Tcl 4-921] Waiver ID 'CDC-4' -to list should not be empty. [/home/11-comp-arch-f/Desktop/ecen4243S25QR/lab2/lab2/lab2.srcs/sources_1/bd/design_1/ip/design_1_axi_smc_0/bd_0/ip/ip_7/bd_afc3_srn_0_clocks.xdc:164]
WARNING: [Vivado_Tcl 4-921] Waiver ID 'CDC-4' -to list should not be empty. [/home/11-comp-arch-f/Desktop/ecen4243S25QR/lab2/lab2/lab2.srcs/sources_1/bd/design_1/ip/design_1_axi_smc_0/bd_0/ip/ip_7/bd_afc3_srn_0_clocks.xdc:167]
WARNING: [Vivado_Tcl 4-921] Waiver ID 'CDC-4' -to list should not be empty. [/home/11-comp-arch-f/Desktop/ecen4243S25QR/lab2/lab2/lab2.srcs/sources_1/bd/design_1/ip/design_1_axi_smc_0/bd_0/ip/ip_7/bd_afc3_srn_0_clocks.xdc:171]
WARNING: [Vivado_Tcl 4-921] Waiver ID 'CDC-4' -to list should not be empty. [/home/11-comp-arch-f/Desktop/ecen4243S25QR/lab2/lab2/lab2.srcs/sources_1/bd/design_1/ip/design_1_axi_smc_0/bd_0/ip/ip_7/bd_afc3_srn_0_clocks.xdc:174]
WARNING: [Vivado_Tcl 4-921] Waiver ID 'CDC-1' -to list should not be empty. [/home/11-comp-arch-f/Desktop/ecen4243S25QR/lab2/lab2/lab2.srcs/sources_1/bd/design_1/ip/design_1_axi_smc_0/bd_0/ip/ip_7/bd_afc3_srn_0_clocks.xdc:178]
Finished Parsing XDC File [/home/11-comp-arch-f/Desktop/ecen4243S25QR/lab2/lab2/lab2.srcs/sources_1/bd/design_1/ip/design_1_axi_smc_0/bd_0/ip/ip_7/bd_afc3_srn_0_clocks.xdc] for cell 'design_1_i/axi_smc/inst/s00_nodes/s00_r_node/inst'
Parsing XDC File [/home/11-comp-arch-f/Desktop/ecen4243S25QR/lab2/lab2/lab2.srcs/sources_1/bd/design_1/ip/design_1_axi_smc_0/bd_0/ip/ip_8/bd_afc3_sawn_0_clocks.xdc] for cell 'design_1_i/axi_smc/inst/s00_nodes/s00_aw_node/inst'
WARNING: [Vivado_Tcl 4-921] Waiver ID 'CDC-1' -to list should not be empty. [/home/11-comp-arch-f/Desktop/ecen4243S25QR/lab2/lab2/lab2.srcs/sources_1/bd/design_1/ip/design_1_axi_smc_0/bd_0/ip/ip_8/bd_afc3_sawn_0_clocks.xdc:49]
WARNING: [Vivado_Tcl 4-921] Waiver ID 'CDC-1' -to list should not be empty. [/home/11-comp-arch-f/Desktop/ecen4243S25QR/lab2/lab2/lab2.srcs/sources_1/bd/design_1/ip/design_1_axi_smc_0/bd_0/ip/ip_8/bd_afc3_sawn_0_clocks.xdc:52]
WARNING: [Vivado_Tcl 4-921] Waiver ID 'CDC-1' -to list should not be empty. [/home/11-comp-arch-f/Desktop/ecen4243S25QR/lab2/lab2/lab2.srcs/sources_1/bd/design_1/ip/design_1_axi_smc_0/bd_0/ip/ip_8/bd_afc3_sawn_0_clocks.xdc:55]
WARNING: [Vivado_Tcl 4-921] Waiver ID 'CDC-1' -to list should not be empty. [/home/11-comp-arch-f/Desktop/ecen4243S25QR/lab2/lab2/lab2.srcs/sources_1/bd/design_1/ip/design_1_axi_smc_0/bd_0/ip/ip_8/bd_afc3_sawn_0_clocks.xdc:59]
WARNING: [Vivado_Tcl 4-921] Waiver ID 'CDC-1' -to list should not be empty. [/home/11-comp-arch-f/Desktop/ecen4243S25QR/lab2/lab2/lab2.srcs/sources_1/bd/design_1/ip/design_1_axi_smc_0/bd_0/ip/ip_8/bd_afc3_sawn_0_clocks.xdc:63]
WARNING: [Vivado_Tcl 4-921] Waiver ID 'CDC-1' -to list should not be empty. [/home/11-comp-arch-f/Desktop/ecen4243S25QR/lab2/lab2/lab2.srcs/sources_1/bd/design_1/ip/design_1_axi_smc_0/bd_0/ip/ip_8/bd_afc3_sawn_0_clocks.xdc:66]
WARNING: [Vivado_Tcl 4-921] Waiver ID 'CDC-1' -to list should not be empty. [/home/11-comp-arch-f/Desktop/ecen4243S25QR/lab2/lab2/lab2.srcs/sources_1/bd/design_1/ip/design_1_axi_smc_0/bd_0/ip/ip_8/bd_afc3_sawn_0_clocks.xdc:70]
WARNING: [Vivado_Tcl 4-921] Waiver ID 'CDC-1' -to list should not be empty. [/home/11-comp-arch-f/Desktop/ecen4243S25QR/lab2/lab2/lab2.srcs/sources_1/bd/design_1/ip/design_1_axi_smc_0/bd_0/ip/ip_8/bd_afc3_sawn_0_clocks.xdc:73]
WARNING: [Vivado_Tcl 4-921] Waiver ID 'CDC-1' -to list should not be empty. [/home/11-comp-arch-f/Desktop/ecen4243S25QR/lab2/lab2/lab2.srcs/sources_1/bd/design_1/ip/design_1_axi_smc_0/bd_0/ip/ip_8/bd_afc3_sawn_0_clocks.xdc:76]
WARNING: [Vivado_Tcl 4-921] Waiver ID 'CDC-1' -to list should not be empty. [/home/11-comp-arch-f/Desktop/ecen4243S25QR/lab2/lab2/lab2.srcs/sources_1/bd/design_1/ip/design_1_axi_smc_0/bd_0/ip/ip_8/bd_afc3_sawn_0_clocks.xdc:79]
WARNING: [Vivado_Tcl 4-921] Waiver ID 'CDC-1' -to list should not be empty. [/home/11-comp-arch-f/Desktop/ecen4243S25QR/lab2/lab2/lab2.srcs/sources_1/bd/design_1/ip/design_1_axi_smc_0/bd_0/ip/ip_8/bd_afc3_sawn_0_clocks.xdc:82]
WARNING: [Vivado_Tcl 4-921] Waiver ID 'CDC-4' -to list should not be empty. [/home/11-comp-arch-f/Desktop/ecen4243S25QR/lab2/lab2/lab2.srcs/sources_1/bd/design_1/ip/design_1_axi_smc_0/bd_0/ip/ip_8/bd_afc3_sawn_0_clocks.xdc:85]
WARNING: [Vivado_Tcl 4-921] Waiver ID 'CDC-4' -to list should not be empty. [/home/11-comp-arch-f/Desktop/ecen4243S25QR/lab2/lab2/lab2.srcs/sources_1/bd/design_1/ip/design_1_axi_smc_0/bd_0/ip/ip_8/bd_afc3_sawn_0_clocks.xdc:88]
WARNING: [Vivado_Tcl 4-921] Waiver ID 'CDC-2' -to list should not be empty. [/home/11-comp-arch-f/Desktop/ecen4243S25QR/lab2/lab2/lab2.srcs/sources_1/bd/design_1/ip/design_1_axi_smc_0/bd_0/ip/ip_8/bd_afc3_sawn_0_clocks.xdc:91]
INFO: [Common 17-14] Message 'Vivado 12-180' appears 100 times and further instances of the messages will be disabled. Use the Tcl command set_msg_config to change the current settings. [/home/11-comp-arch-f/Desktop/ecen4243S25QR/lab2/lab2/lab2.srcs/sources_1/bd/design_1/ip/design_1_axi_smc_0/bd_0/ip/ip_8/bd_afc3_sawn_0_clocks.xdc:94]
WARNING: [Vivado_Tcl 4-921] Waiver ID 'CDC-2' -to list should not be empty. [/home/11-comp-arch-f/Desktop/ecen4243S25QR/lab2/lab2/lab2.srcs/sources_1/bd/design_1/ip/design_1_axi_smc_0/bd_0/ip/ip_8/bd_afc3_sawn_0_clocks.xdc:94]
WARNING: [Vivado_Tcl 4-921] Waiver ID 'CDC-2' -to list should not be empty. [/home/11-comp-arch-f/Desktop/ecen4243S25QR/lab2/lab2/lab2.srcs/sources_1/bd/design_1/ip/design_1_axi_smc_0/bd_0/ip/ip_8/bd_afc3_sawn_0_clocks.xdc:97]
WARNING: [Vivado_Tcl 4-921] Waiver ID 'CDC-2' -to list should not be empty. [/home/11-comp-arch-f/Desktop/ecen4243S25QR/lab2/lab2/lab2.srcs/sources_1/bd/design_1/ip/design_1_axi_smc_0/bd_0/ip/ip_8/bd_afc3_sawn_0_clocks.xdc:100]
WARNING: [Vivado_Tcl 4-921] Waiver ID 'CDC-1' -to list should not be empty. [/home/11-comp-arch-f/Desktop/ecen4243S25QR/lab2/lab2/lab2.srcs/sources_1/bd/design_1/ip/design_1_axi_smc_0/bd_0/ip/ip_8/bd_afc3_sawn_0_clocks.xdc:104]
WARNING: [Vivado_Tcl 4-921] Waiver ID 'CDC-10' -to list should not be empty. [/home/11-comp-arch-f/Desktop/ecen4243S25QR/lab2/lab2/lab2.srcs/sources_1/bd/design_1/ip/design_1_axi_smc_0/bd_0/ip/ip_8/bd_afc3_sawn_0_clocks.xdc:107]
WARNING: [Vivado_Tcl 4-921] Waiver ID 'CDC-10' -to list should not be empty. [/home/11-comp-arch-f/Desktop/ecen4243S25QR/lab2/lab2/lab2.srcs/sources_1/bd/design_1/ip/design_1_axi_smc_0/bd_0/ip/ip_8/bd_afc3_sawn_0_clocks.xdc:110]
WARNING: [Vivado_Tcl 4-921] Waiver ID 'CDC-1' -to list should not be empty. [/home/11-comp-arch-f/Desktop/ecen4243S25QR/lab2/lab2/lab2.srcs/sources_1/bd/design_1/ip/design_1_axi_smc_0/bd_0/ip/ip_8/bd_afc3_sawn_0_clocks.xdc:113]
INFO: [Common 17-14] Message 'Vivado_Tcl 4-921' appears 100 times and further instances of the messages will be disabled. Use the Tcl command set_msg_config to change the current settings. [/home/11-comp-arch-f/Desktop/ecen4243S25QR/lab2/lab2/lab2.srcs/sources_1/bd/design_1/ip/design_1_axi_smc_0/bd_0/ip/ip_8/bd_afc3_sawn_0_clocks.xdc:113]
Finished Parsing XDC File [/home/11-comp-arch-f/Desktop/ecen4243S25QR/lab2/lab2/lab2.srcs/sources_1/bd/design_1/ip/design_1_axi_smc_0/bd_0/ip/ip_8/bd_afc3_sawn_0_clocks.xdc] for cell 'design_1_i/axi_smc/inst/s00_nodes/s00_aw_node/inst'
Parsing XDC File [/home/11-comp-arch-f/Desktop/ecen4243S25QR/lab2/lab2/lab2.srcs/sources_1/bd/design_1/ip/design_1_axi_smc_0/bd_0/ip/ip_9/bd_afc3_swn_0_clocks.xdc] for cell 'design_1_i/axi_smc/inst/s00_nodes/s00_w_node/inst'
Finished Parsing XDC File [/home/11-comp-arch-f/Desktop/ecen4243S25QR/lab2/lab2/lab2.srcs/sources_1/bd/design_1/ip/design_1_axi_smc_0/bd_0/ip/ip_9/bd_afc3_swn_0_clocks.xdc] for cell 'design_1_i/axi_smc/inst/s00_nodes/s00_w_node/inst'
Parsing XDC File [/home/11-comp-arch-f/Desktop/ecen4243S25QR/lab2/lab2/lab2.srcs/sources_1/bd/design_1/ip/design_1_axi_smc_0/bd_0/ip/ip_10/bd_afc3_sbn_0_clocks.xdc] for cell 'design_1_i/axi_smc/inst/s00_nodes/s00_b_node/inst'
Finished Parsing XDC File [/home/11-comp-arch-f/Desktop/ecen4243S25QR/lab2/lab2/lab2.srcs/sources_1/bd/design_1/ip/design_1_axi_smc_0/bd_0/ip/ip_10/bd_afc3_sbn_0_clocks.xdc] for cell 'design_1_i/axi_smc/inst/s00_nodes/s00_b_node/inst'
Parsing XDC File [/home/11-comp-arch-f/Desktop/ecen4243S25QR/lab2/lab2/lab2.srcs/sources_1/bd/design_1/ip/design_1_axi_smc_0/smartconnect.xdc] for cell 'design_1_i/axi_smc/inst'
WARNING: [Vivado_Tcl 4-919] Waiver ID 'CDC-1' -from list should not be empty. [/home/11-comp-arch-f/Desktop/ecen4243S25QR/lab2/lab2/lab2.srcs/sources_1/bd/design_1/ip/design_1_axi_smc_0/smartconnect.xdc:1]
Finished Parsing XDC File [/home/11-comp-arch-f/Desktop/ecen4243S25QR/lab2/lab2/lab2.srcs/sources_1/bd/design_1/ip/design_1_axi_smc_0/smartconnect.xdc] for cell 'design_1_i/axi_smc/inst'
Parsing XDC File [/home/11-comp-arch-f/Desktop/ecen4243S25QR/lab2/lab2/lab2.srcs/sources_1/bd/design_1/ip/design_1_rst_ps7_0_50M_0/design_1_rst_ps7_0_50M_0_board.xdc] for cell 'design_1_i/rst_ps7_0_50M/U0'
Finished Parsing XDC File [/home/11-comp-arch-f/Desktop/ecen4243S25QR/lab2/lab2/lab2.srcs/sources_1/bd/design_1/ip/design_1_rst_ps7_0_50M_0/design_1_rst_ps7_0_50M_0_board.xdc] for cell 'design_1_i/rst_ps7_0_50M/U0'
Parsing XDC File [/home/11-comp-arch-f/Desktop/ecen4243S25QR/lab2/lab2/lab2.srcs/sources_1/bd/design_1/ip/design_1_rst_ps7_0_50M_0/design_1_rst_ps7_0_50M_0.xdc] for cell 'design_1_i/rst_ps7_0_50M/U0'
Finished Parsing XDC File [/home/11-comp-arch-f/Desktop/ecen4243S25QR/lab2/lab2/lab2.srcs/sources_1/bd/design_1/ip/design_1_rst_ps7_0_50M_0/design_1_rst_ps7_0_50M_0.xdc] for cell 'design_1_i/rst_ps7_0_50M/U0'
Parsing XDC File [/home/11-comp-arch-f/Desktop/ecen4243S25QR/lab2/lab2/lab2.srcs/constrs_1/new/constr.xdc]
Finished Parsing XDC File [/home/11-comp-arch-f/Desktop/ecen4243S25QR/lab2/lab2/lab2.srcs/constrs_1/new/constr.xdc]
INFO: [Project 1-1714] 19 XPM XDC files have been applied to the design.
INFO: [Opt 31-138] Pushed 0 inverter(s) to 0 load pin(s).
INFO: [Project 1-1687] 228 scoped IP constraints or related sub-commands were skipped due to synthesis logic optimizations usually triggered by constant connectivity or unconnected output pins. To review the skipped constraints and messages, run the command 'set_param netlist.IPMsgFiltering false' before opening the design.
Netlist sorting complete. Time (s): cpu = 00:00:00 ; elapsed = 00:00:00 . Memory (MB): peak = 10360.254 ; gain = 0.000 ; free physical = 3256 ; free virtual = 10268
INFO: [Project 1-111] Unisim Transformation Summary:
  A total of 66 instances were transformed.
  RAM32M => RAM32M (RAMD32(x6), RAMS32(x2)): 62 instances
  RAM32X1D => RAM32X1D (RAMD32(x2)): 4 instances

set_property PROBES.FILE {/home/11-comp-arch-f/Desktop/ecen4243S25QR/lab2/lab2/lab2.runs/impl_1/design_1_wrapper.ltx} [get_hw_devices xc7z020_1]
set_property FULL_PROBES.FILE {/home/11-comp-arch-f/Desktop/ecen4243S25QR/lab2/lab2/lab2.runs/impl_1/design_1_wrapper.ltx} [get_hw_devices xc7z020_1]
set_property PROGRAM.FILE {/home/11-comp-arch-f/Desktop/ecen4243S25QR/lab2/lab2/lab2.runs/impl_1/design_1_wrapper.bit} [get_hw_devices xc7z020_1]
program_hw_devices [get_hw_devices xc7z020_1]
INFO: [Labtools 27-3164] End of startup status: HIGH
refresh_hw_device [lindex [get_hw_devices xc7z020_1] 0]
INFO: [Labtools 27-2302] Device xc7z020 (JTAG device index = 1) is programmed with a design that has 1 ILA core(s).
display_hw_ila_data [ get_hw_ila_data hw_ila_data_1 -of_objects [get_hw_ilas -of_objects [get_hw_devices xc7z020_1] -filter {CELL_NAME=~"u_ila_0"}]]
run_hw_ila [get_hw_ilas -of_objects [get_hw_devices xc7z020_1] -filter {CELL_NAME=~"u_ila_0"}]
INFO: [Labtools 27-1964] The ILA core 'hw_ila_1' trigger was armed at 2025-Mar-14 17:26:24
wait_on_hw_ila [get_hw_ilas -of_objects [get_hw_devices xc7z020_1] -filter {CELL_NAME=~"u_ila_0"}]
display_hw_ila_data [upload_hw_ila_data [get_hw_ilas -of_objects [get_hw_devices xc7z020_1] -filter {CELL_NAME=~"u_ila_0"}]]
INFO: [Labtools 27-1966] The ILA core 'hw_ila_1' triggered at 2025-Mar-14 17:26:25
INFO: [Labtools 27-3304] ILA Waveform data saved to file /home/11-comp-arch-f/Desktop/ecen4243S25QR/lab2/lab2/lab2.hw/backup/hw_ila_data_1.ila. Use Tcl command 'read_hw_ila_data' or Vivado File->Import->Import ILA Data menu item to import the previously saved data.
ERROR: [Labtoolstcl 44-513] HW Target shutdown. Closing target: localhost:3121/xilinx_tcf/Digilent/210014A24E4BA
INFO: [Labtoolstcl 44-466] Opening hw_target localhost:3121/xilinx_tcf/Digilent/210014A24E4BA
WARNING: [Labtoolstcl 44-129] No matching hw_ila_data was found.
INFO: [Labtools 27-1434] Device xc7z020 (JTAG device index = 1) is programmed with a design that has no supported debug core(s) in it.
WARNING: [Labtools 27-3361] The debug hub core was not detected.
Resolution: 
1. Make sure the clock connected to the debug hub (dbg_hub) core is a free running clock and is active.
2. Make sure the BSCAN_SWITCH_USER_MASK device property in Vivado Hardware Manager reflects the user scan chain setting in the design and refresh the device.  To determine the user scan chain setting in the design, open the implemented design and use 'get_property C_USER_SCAN_CHAIN [get_debug_cores dbg_hub]'.
For more details on setting the scan chain property, consult the Vivado Debug and Programming User Guide (UG908).
WARNING: [Labtools 27-3413] Dropping logic core with cellname:'u_ila_0' at location 'uuid_23E7D65A79BC59F7BC47406C1714DFAE' from probes file, since it cannot be found on the programmed device.
WARNING: [Labtoolstcl 44-129] No matching hw_ila_data was found.
set_property PROBES.FILE {/home/11-comp-arch-f/Desktop/ecen4243S25QR/lab2/lab2/lab2.runs/impl_1/design_1_wrapper.ltx} [get_hw_devices xc7z020_1]
set_property FULL_PROBES.FILE {/home/11-comp-arch-f/Desktop/ecen4243S25QR/lab2/lab2/lab2.runs/impl_1/design_1_wrapper.ltx} [get_hw_devices xc7z020_1]
set_property PROGRAM.FILE {/home/11-comp-arch-f/Desktop/ecen4243S25QR/lab2/lab2/lab2.runs/impl_1/design_1_wrapper.bit} [get_hw_devices xc7z020_1]
program_hw_devices [get_hw_devices xc7z020_1]
INFO: [Labtools 27-3164] End of startup status: HIGH
refresh_hw_device [lindex [get_hw_devices xc7z020_1] 0]
INFO: [Labtools 27-2302] Device xc7z020 (JTAG device index = 1) is programmed with a design that has 1 ILA core(s).
display_hw_ila_data [ get_hw_ila_data hw_ila_data_1 -of_objects [get_hw_ilas -of_objects [get_hw_devices xc7z020_1] -filter {CELL_NAME=~"u_ila_0"}]]
run_hw_ila [get_hw_ilas -of_objects [get_hw_devices xc7z020_1] -filter {CELL_NAME=~"u_ila_0"}]
INFO: [Labtools 27-1964] The ILA core 'hw_ila_1' trigger was armed at 2025-Mar-14 17:31:20
wait_on_hw_ila [get_hw_ilas -of_objects [get_hw_devices xc7z020_1] -filter {CELL_NAME=~"u_ila_0"}]
display_hw_ila_data [upload_hw_ila_data [get_hw_ilas -of_objects [get_hw_devices xc7z020_1] -filter {CELL_NAME=~"u_ila_0"}]]
INFO: [Labtools 27-1966] The ILA core 'hw_ila_1' triggered at 2025-Mar-14 17:31:21
INFO: [Labtools 27-3304] ILA Waveform data saved to file /home/11-comp-arch-f/Desktop/ecen4243S25QR/lab2/lab2/lab2.hw/backup/hw_ila_data_1.ila. Use Tcl command 'read_hw_ila_data' or Vivado File->Import->Import ILA Data menu item to import the previously saved data.
open_run impl_1
Netlist sorting complete. Time (s): cpu = 00:00:00.08 ; elapsed = 00:00:00.08 . Memory (MB): peak = 10360.254 ; gain = 0.000 ; free physical = 4560 ; free virtual = 11773
INFO: [Netlist 29-17] Analyzing 337 Unisim elements for replacement
INFO: [Netlist 29-28] Unisim Transformation completed in 0 CPU seconds
INFO: [Project 1-479] Netlist was created with Vivado 2023.2
INFO: [Project 1-570] Preparing netlist for logic optimization
Read ShapeDB Complete: Time (s): cpu = 00:00:00.01 ; elapsed = 00:00:00.01 . Memory (MB): peak = 10360.254 ; gain = 0.000 ; free physical = 4556 ; free virtual = 11770
INFO: [Timing 38-478] Restoring timing data from binary archive.
INFO: [Timing 38-479] Binary timing data restore complete.
INFO: [Project 1-856] Restoring constraints from binary archive.
INFO: [Project 1-853] Binary constraint restore complete.
INFO: [Designutils 20-5722] Start Reading Physical Databases.
Reading placement.
Read Netlist Cache: Time (s): cpu = 00:00:00 ; elapsed = 00:00:00 . Memory (MB): peak = 10360.254 ; gain = 0.000 ; free physical = 4551 ; free virtual = 11763
Reading placer database...
Read Device Cache: Time (s): cpu = 00:00:00.01 ; elapsed = 00:00:00.01 . Memory (MB): peak = 10360.254 ; gain = 0.000 ; free physical = 4551 ; free virtual = 11763
Read PlaceDB: Time (s): cpu = 00:00:00.17 ; elapsed = 00:00:00.16 . Memory (MB): peak = 10360.254 ; gain = 0.000 ; free physical = 4553 ; free virtual = 11765
Read PulsedLatchDB: Time (s): cpu = 00:00:00 ; elapsed = 00:00:00 . Memory (MB): peak = 10360.254 ; gain = 0.000 ; free physical = 4553 ; free virtual = 11765
Reading routing.
Read RouteStorage: Time (s): cpu = 00:00:00.05 ; elapsed = 00:00:00.06 . Memory (MB): peak = 10360.254 ; gain = 0.000 ; free physical = 4553 ; free virtual = 11765
Read Physdb Files: Time (s): cpu = 00:00:00.23 ; elapsed = 00:00:00.23 . Memory (MB): peak = 10360.254 ; gain = 0.000 ; free physical = 4553 ; free virtual = 11765
Restored from archive | CPU: 0.230000 secs | Memory: 9.868416 MB |
Finished XDEF File Restore: Time (s): cpu = 00:00:00.24 ; elapsed = 00:00:00.23 . Memory (MB): peak = 10360.254 ; gain = 0.000 ; free physical = 4553 ; free virtual = 11765
Netlist sorting complete. Time (s): cpu = 00:00:00 ; elapsed = 00:00:00 . Memory (MB): peak = 10360.254 ; gain = 0.000 ; free physical = 4553 ; free virtual = 11766
INFO: [Project 1-111] Unisim Transformation Summary:
  A total of 182 instances were transformed.
  CFGLUT5 => CFGLUT5 (SRL16E, SRLC32E): 112 instances
  RAM32M => RAM32M (RAMD32(x6), RAMS32(x2)): 66 instances
  RAM32X1D => RAM32X1D (RAMD32(x2)): 4 instances

WARNING: [Timing 38-436] There are set_bus_skew constraint(s) in this design. Please run report_bus_skew to ensure that bus skew requirements are met.
ERROR: [Labtoolstcl 44-513] HW Target shutdown. Closing target: localhost:3121/xilinx_tcf/Digilent/210014A24E4BA
INFO: [Labtoolstcl 44-466] Opening hw_target localhost:3121/xilinx_tcf/Digilent/210014A24E4BA
WARNING: [Labtoolstcl 44-129] No matching hw_ila_data was found.
INFO: [Labtools 27-1434] Device xc7z020 (JTAG device index = 1) is programmed with a design that has no supported debug core(s) in it.
WARNING: [Labtools 27-3361] The debug hub core was not detected.
Resolution: 
1. Make sure the clock connected to the debug hub (dbg_hub) core is a free running clock and is active.
2. Make sure the BSCAN_SWITCH_USER_MASK device property in Vivado Hardware Manager reflects the user scan chain setting in the design and refresh the device.  To determine the user scan chain setting in the design, open the implemented design and use 'get_property C_USER_SCAN_CHAIN [get_debug_cores dbg_hub]'.
For more details on setting the scan chain property, consult the Vivado Debug and Programming User Guide (UG908).
WARNING: [Labtools 27-3413] Dropping logic core with cellname:'u_ila_0' at location 'uuid_23E7D65A79BC59F7BC47406C1714DFAE' from probes file, since it cannot be found on the programmed device.
WARNING: [Labtoolstcl 44-129] No matching hw_ila_data was found.
set_property PROBES.FILE {/home/11-comp-arch-f/Desktop/ecen4243S25QR/lab2/lab2/lab2.runs/impl_1/design_1_wrapper.ltx} [get_hw_devices xc7z020_1]
set_property FULL_PROBES.FILE {/home/11-comp-arch-f/Desktop/ecen4243S25QR/lab2/lab2/lab2.runs/impl_1/design_1_wrapper.ltx} [get_hw_devices xc7z020_1]
set_property PROGRAM.FILE {/home/11-comp-arch-f/Desktop/ecen4243S25QR/lab2/lab2/lab2.runs/impl_1/design_1_wrapper.bit} [get_hw_devices xc7z020_1]
program_hw_devices [get_hw_devices xc7z020_1]
INFO: [Labtools 27-3164] End of startup status: HIGH
refresh_hw_device [lindex [get_hw_devices xc7z020_1] 0]
INFO: [Labtools 27-2302] Device xc7z020 (JTAG device index = 1) is programmed with a design that has 1 ILA core(s).
display_hw_ila_data [ get_hw_ila_data hw_ila_data_1 -of_objects [get_hw_ilas -of_objects [get_hw_devices xc7z020_1] -filter {CELL_NAME=~"u_ila_0"}]]
run_hw_ila [get_hw_ilas -of_objects [get_hw_devices xc7z020_1] -filter {CELL_NAME=~"u_ila_0"}]
INFO: [Labtools 27-1964] The ILA core 'hw_ila_1' trigger was armed at 2025-Mar-14 17:39:22
wait_on_hw_ila [get_hw_ilas -of_objects [get_hw_devices xc7z020_1] -filter {CELL_NAME=~"u_ila_0"}]
display_hw_ila_data [upload_hw_ila_data [get_hw_ilas -of_objects [get_hw_devices xc7z020_1] -filter {CELL_NAME=~"u_ila_0"}]]
INFO: [Labtools 27-1966] The ILA core 'hw_ila_1' triggered at 2025-Mar-14 17:39:23
INFO: [Labtools 27-3304] ILA Waveform data saved to file /home/11-comp-arch-f/Desktop/ecen4243S25QR/lab2/lab2/lab2.hw/backup/hw_ila_data_1.ila. Use Tcl command 'read_hw_ila_data' or Vivado File->Import->Import ILA Data menu item to import the previously saved data.
export_ip_user_files -of_objects  [get_files /home/11-comp-arch-f/Desktop/riscv_single.sv] -no_script -reset -force -quiet
remove_files  /home/11-comp-arch-f/Desktop/riscv_single.sv
export_ip_user_files -of_objects  [get_files /home/11-comp-arch-f/Desktop/ecen4243S25QR/lab2/lab2/lab2.srcs/sources_1/imports/Desktop/riscv_single.sv] -no_script -reset -force -quiet
remove_files  /home/11-comp-arch-f/Desktop/ecen4243S25QR/lab2/lab2/lab2.srcs/sources_1/imports/Desktop/riscv_single.sv
WARNING: [filemgmt 56-199] Attempt to get parsing info during refresh. "On-the-fly" syntax checking information may be incorrect. [/home/11-comp-arch-f/Desktop/ecen4243S25QR/lab2/lab2/lab2.srcs/sources_1/bd/design_1/ip/design_1_top_0_0/design_1_top_0_0_sim_netlist.vhdl:]
WARNING: [filemgmt 56-199] Attempt to get parsing info during refresh. "On-the-fly" syntax checking information may be incorrect. [/home/11-comp-arch-f/Desktop/ecen4243S25QR/lab2/lab2/lab2.srcs/sources_1/imports/fpga/src/imem.sv:]
WARNING: [filemgmt 56-199] Attempt to get parsing info during refresh. "On-the-fly" syntax checking information may be incorrect. [/home/11-comp-arch-f/Desktop/ecen4243S25QR/lab2/lab2/lab2.srcs/sources_1/imports/fpga/src/top.v:]
WARNING: [filemgmt 56-199] Attempt to get parsing info during refresh. "On-the-fly" syntax checking information may be incorrect. [/home/11-comp-arch-f/Desktop/riscv_single.sv:]
WARNING: [filemgmt 56-199] Attempt to get parsing info during refresh. "On-the-fly" syntax checking information may be incorrect. [/home/11-comp-arch-f/Desktop/ecen4243S25QR/lab2/lab2/lab2.srcs/sources_1/bd/design_1/ip/design_1_top_0_0/design_1_top_0_0_sim_netlist.v:]
WARNING: [filemgmt 56-199] Attempt to get parsing info during refresh. "On-the-fly" syntax checking information may be incorrect. [/home/11-comp-arch-f/Desktop/ecen4243S25QR/lab2/lab2/lab2.srcs/sources_1/imports/fpga/src/memcontroller.sv:]
WARNING: [filemgmt 56-199] Attempt to get parsing info during refresh. "On-the-fly" syntax checking information may be incorrect. [/home/11-comp-arch-f/Desktop/ecen4243S25QR/lab2/lab2/lab2.srcs/sources_1/imports/Desktop/riscv_single.sv:]
WARNING: [filemgmt 56-199] Attempt to get parsing info during refresh. "On-the-fly" syntax checking information may be incorrect. [/home/11-comp-arch-f/Desktop/ecen4243S25QR/lab2/lab2/lab2.srcs/sources_1/bd/design_1/ip/design_1_top_0_0/design_1_top_0_0_sim_netlist.vhdl:]
WARNING: [filemgmt 56-199] Attempt to get parsing info during refresh. "On-the-fly" syntax checking information may be incorrect. [/home/11-comp-arch-f/Desktop/ecen4243S25QR/lab2/lab2/lab2.srcs/sources_1/imports/fpga/src/imem.sv:]
WARNING: [filemgmt 56-199] Attempt to get parsing info during refresh. "On-the-fly" syntax checking information may be incorrect. [/home/11-comp-arch-f/Desktop/ecen4243S25QR/lab2/lab2/lab2.srcs/sources_1/imports/fpga/src/top.v:]
WARNING: [filemgmt 56-199] Attempt to get parsing info during refresh. "On-the-fly" syntax checking information may be incorrect. [/home/11-comp-arch-f/Desktop/riscv_single.sv:]
WARNING: [filemgmt 56-199] Attempt to get parsing info during refresh. "On-the-fly" syntax checking information may be incorrect. [/home/11-comp-arch-f/Desktop/ecen4243S25QR/lab2/lab2/lab2.srcs/sources_1/bd/design_1/ip/design_1_top_0_0/design_1_top_0_0_sim_netlist.v:]
WARNING: [filemgmt 56-199] Attempt to get parsing info during refresh. "On-the-fly" syntax checking information may be incorrect. [/home/11-comp-arch-f/Desktop/ecen4243S25QR/lab2/lab2/lab2.srcs/sources_1/imports/fpga/src/memcontroller.sv:]
WARNING: [filemgmt 56-199] Attempt to get parsing info during refresh. "On-the-fly" syntax checking information may be incorrect. [/home/11-comp-arch-f/Desktop/ecen4243S25QR/lab2/lab2/lab2.srcs/sources_1/imports/Desktop/riscv_single.sv:]
WARNING: [filemgmt 56-199] Attempt to get parsing info during refresh. "On-the-fly" syntax checking information may be incorrect. [/home/11-comp-arch-f/Desktop/ecen4243S25QR/lab2/lab2/lab2.srcs/sources_1/bd/design_1/ip/design_1_top_0_0/design_1_top_0_0_sim_netlist.vhdl:]
WARNING: [filemgmt 56-199] Attempt to get parsing info during refresh. "On-the-fly" syntax checking information may be incorrect. [/home/11-comp-arch-f/Desktop/ecen4243S25QR/lab2/lab2/lab2.srcs/sources_1/imports/fpga/src/imem.sv:]
WARNING: [filemgmt 56-199] Attempt to get parsing info during refresh. "On-the-fly" syntax checking information may be incorrect. [/home/11-comp-arch-f/Desktop/ecen4243S25QR/lab2/lab2/lab2.srcs/sources_1/imports/fpga/src/top.v:]
WARNING: [filemgmt 56-199] Attempt to get parsing info during refresh. "On-the-fly" syntax checking information may be incorrect. [/home/11-comp-arch-f/Desktop/riscv_single.sv:]
WARNING: [filemgmt 56-199] Attempt to get parsing info during refresh. "On-the-fly" syntax checking information may be incorrect. [/home/11-comp-arch-f/Desktop/ecen4243S25QR/lab2/lab2/lab2.srcs/sources_1/bd/design_1/ip/design_1_top_0_0/design_1_top_0_0_sim_netlist.v:]
WARNING: [filemgmt 56-199] Attempt to get parsing info during refresh. "On-the-fly" syntax checking information may be incorrect. [/home/11-comp-arch-f/Desktop/ecen4243S25QR/lab2/lab2/lab2.srcs/sources_1/imports/fpga/src/memcontroller.sv:]
WARNING: [filemgmt 56-199] Attempt to get parsing info during refresh. "On-the-fly" syntax checking information may be incorrect. [/home/11-comp-arch-f/Desktop/ecen4243S25QR/lab2/lab2/lab2.srcs/sources_1/imports/Desktop/riscv_single.sv:]
WARNING: [filemgmt 56-199] Attempt to get parsing info during refresh. "On-the-fly" syntax checking information may be incorrect. [/home/11-comp-arch-f/Desktop/ecen4243S25QR/lab2/lab2/lab2.srcs/sources_1/bd/design_1/ip/design_1_top_0_0/design_1_top_0_0_sim_netlist.vhdl:]
WARNING: [filemgmt 56-199] Attempt to get parsing info during refresh. "On-the-fly" syntax checking information may be incorrect. [/home/11-comp-arch-f/Desktop/ecen4243S25QR/lab2/lab2/lab2.srcs/sources_1/imports/fpga/src/imem.sv:]
WARNING: [filemgmt 56-199] Attempt to get parsing info during refresh. "On-the-fly" syntax checking information may be incorrect. [/home/11-comp-arch-f/Desktop/ecen4243S25QR/lab2/lab2/lab2.srcs/sources_1/imports/fpga/src/top.v:]
WARNING: [filemgmt 56-199] Attempt to get parsing info during refresh. "On-the-fly" syntax checking information may be incorrect. [/home/11-comp-arch-f/Desktop/riscv_single.sv:]
WARNING: [filemgmt 56-199] Attempt to get parsing info during refresh. "On-the-fly" syntax checking information may be incorrect. [/home/11-comp-arch-f/Desktop/ecen4243S25QR/lab2/lab2/lab2.srcs/sources_1/bd/design_1/ip/design_1_top_0_0/design_1_top_0_0_sim_netlist.v:]
WARNING: [filemgmt 56-199] Attempt to get parsing info during refresh. "On-the-fly" syntax checking information may be incorrect. [/home/11-comp-arch-f/Desktop/ecen4243S25QR/lab2/lab2/lab2.srcs/sources_1/imports/fpga/src/memcontroller.sv:]
WARNING: [filemgmt 56-199] Attempt to get parsing info during refresh. "On-the-fly" syntax checking information may be incorrect. [/home/11-comp-arch-f/Desktop/ecen4243S25QR/lab2/lab2/lab2.srcs/sources_1/imports/Desktop/riscv_single.sv:]
source setup.tcl
# import_files -norecurse riscv_single.sv
WARNING: [filemgmt 20-354] The following file(s) were not imported. Local copy of file(s) already exists:
/home/11-comp-arch-f/Desktop/riscv_single.sv
Hint: use the '-force' option to overwrite the local copies.
# update_compile_order -fileset sources_1
WARNING: [filemgmt 56-199] Attempt to get parsing info during refresh. "On-the-fly" syntax checking information may be incorrect. [/home/11-comp-arch-f/Desktop/ecen4243S25QR/lab2/lab2/lab2.srcs/sources_1/bd/design_1/ip/design_1_top_0_0/design_1_top_0_0_sim_netlist.vhdl:]
WARNING: [filemgmt 56-199] Attempt to get parsing info during refresh. "On-the-fly" syntax checking information may be incorrect. [/home/11-comp-arch-f/Desktop/ecen4243S25QR/lab2/lab2/lab2.srcs/sources_1/imports/fpga/src/imem.sv:]
WARNING: [filemgmt 56-199] Attempt to get parsing info during refresh. "On-the-fly" syntax checking information may be incorrect. [/home/11-comp-arch-f/Desktop/ecen4243S25QR/lab2/lab2/lab2.srcs/sources_1/imports/fpga/src/top.v:]
WARNING: [filemgmt 56-199] Attempt to get parsing info during refresh. "On-the-fly" syntax checking information may be incorrect. [/home/11-comp-arch-f/Desktop/riscv_single.sv:]
WARNING: [filemgmt 56-199] Attempt to get parsing info during refresh. "On-the-fly" syntax checking information may be incorrect. [/home/11-comp-arch-f/Desktop/ecen4243S25QR/lab2/lab2/lab2.srcs/sources_1/bd/design_1/ip/design_1_top_0_0/design_1_top_0_0_sim_netlist.v:]
WARNING: [filemgmt 56-199] Attempt to get parsing info during refresh. "On-the-fly" syntax checking information may be incorrect. [/home/11-comp-arch-f/Desktop/ecen4243S25QR/lab2/lab2/lab2.srcs/sources_1/imports/fpga/src/memcontroller.sv:]
WARNING: [filemgmt 56-199] Attempt to get parsing info during refresh. "On-the-fly" syntax checking information may be incorrect. [/home/11-comp-arch-f/Desktop/ecen4243S25QR/lab2/lab2/lab2.srcs/sources_1/imports/Desktop/riscv_single.sv:]
# reset_run synth_1
# launch_runs impl_1 -to_step write_bitstream -jobs 5
WARNING: [Project 1-478] Design 'synth_1' is stale and will not be used when launching 'impl_1'
WARNING: [filemgmt 56-199] Attempt to get parsing info during refresh. "On-the-fly" syntax checking information may be incorrect. [/home/11-comp-arch-f/Desktop/ecen4243S25QR/lab2/lab2/lab2.srcs/sources_1/bd/design_1/ip/design_1_top_0_0/design_1_top_0_0_sim_netlist.vhdl:]
WARNING: [filemgmt 56-199] Attempt to get parsing info during refresh. "On-the-fly" syntax checking information may be incorrect. [/home/11-comp-arch-f/Desktop/ecen4243S25QR/lab2/lab2/lab2.srcs/sources_1/imports/fpga/src/imem.sv:]
WARNING: [filemgmt 56-199] Attempt to get parsing info during refresh. "On-the-fly" syntax checking information may be incorrect. [/home/11-comp-arch-f/Desktop/ecen4243S25QR/lab2/lab2/lab2.srcs/sources_1/imports/fpga/src/top.v:]
WARNING: [filemgmt 56-199] Attempt to get parsing info during refresh. "On-the-fly" syntax checking information may be incorrect. [/home/11-comp-arch-f/Desktop/riscv_single.sv:]
WARNING: [filemgmt 56-199] Attempt to get parsing info during refresh. "On-the-fly" syntax checking information may be incorrect. [/home/11-comp-arch-f/Desktop/ecen4243S25QR/lab2/lab2/lab2.srcs/sources_1/bd/design_1/ip/design_1_top_0_0/design_1_top_0_0_sim_netlist.v:]
WARNING: [filemgmt 56-199] Attempt to get parsing info during refresh. "On-the-fly" syntax checking information may be incorrect. [/home/11-comp-arch-f/Desktop/ecen4243S25QR/lab2/lab2/lab2.srcs/sources_1/imports/fpga/src/memcontroller.sv:]
WARNING: [filemgmt 56-199] Attempt to get parsing info during refresh. "On-the-fly" syntax checking information may be incorrect. [/home/11-comp-arch-f/Desktop/ecen4243S25QR/lab2/lab2/lab2.srcs/sources_1/imports/Desktop/riscv_single.sv:]
WARNING: [filemgmt 56-199] Attempt to get parsing info during refresh. "On-the-fly" syntax checking information may be incorrect. [/home/11-comp-arch-f/Desktop/ecen4243S25QR/lab2/lab2/lab2.srcs/sources_1/bd/design_1/ip/design_1_top_0_0/design_1_top_0_0_sim_netlist.vhdl:]
WARNING: [filemgmt 56-199] Attempt to get parsing info during refresh. "On-the-fly" syntax checking information may be incorrect. [/home/11-comp-arch-f/Desktop/ecen4243S25QR/lab2/lab2/lab2.srcs/sources_1/imports/fpga/src/imem.sv:]
WARNING: [filemgmt 56-199] Attempt to get parsing info during refresh. "On-the-fly" syntax checking information may be incorrect. [/home/11-comp-arch-f/Desktop/ecen4243S25QR/lab2/lab2/lab2.srcs/sources_1/imports/fpga/src/top.v:]
WARNING: [filemgmt 56-199] Attempt to get parsing info during refresh. "On-the-fly" syntax checking information may be incorrect. [/home/11-comp-arch-f/Desktop/riscv_single.sv:]
WARNING: [filemgmt 56-199] Attempt to get parsing info during refresh. "On-the-fly" syntax checking information may be incorrect. [/home/11-comp-arch-f/Desktop/ecen4243S25QR/lab2/lab2/lab2.srcs/sources_1/bd/design_1/ip/design_1_top_0_0/design_1_top_0_0_sim_netlist.v:]
WARNING: [filemgmt 56-199] Attempt to get parsing info during refresh. "On-the-fly" syntax checking information may be incorrect. [/home/11-comp-arch-f/Desktop/ecen4243S25QR/lab2/lab2/lab2.srcs/sources_1/imports/fpga/src/memcontroller.sv:]
WARNING: [filemgmt 56-199] Attempt to get parsing info during refresh. "On-the-fly" syntax checking information may be incorrect. [/home/11-comp-arch-f/Desktop/ecen4243S25QR/lab2/lab2/lab2.srcs/sources_1/imports/Desktop/riscv_single.sv:]
WARNING: [filemgmt 56-199] Attempt to get parsing info during refresh. "On-the-fly" syntax checking information may be incorrect. [/home/11-comp-arch-f/Desktop/ecen4243S25QR/lab2/lab2/lab2.srcs/sources_1/bd/design_1/ip/design_1_top_0_0/design_1_top_0_0_sim_netlist.vhdl:]
WARNING: [filemgmt 56-199] Attempt to get parsing info during refresh. "On-the-fly" syntax checking information may be incorrect. [/home/11-comp-arch-f/Desktop/ecen4243S25QR/lab2/lab2/lab2.srcs/sources_1/imports/fpga/src/imem.sv:]
WARNING: [filemgmt 56-199] Attempt to get parsing info during refresh. "On-the-fly" syntax checking information may be incorrect. [/home/11-comp-arch-f/Desktop/ecen4243S25QR/lab2/lab2/lab2.srcs/sources_1/imports/fpga/src/top.v:]
WARNING: [filemgmt 56-199] Attempt to get parsing info during refresh. "On-the-fly" syntax checking information may be incorrect. [/home/11-comp-arch-f/Desktop/riscv_single.sv:]
WARNING: [filemgmt 56-199] Attempt to get parsing info during refresh. "On-the-fly" syntax checking information may be incorrect. [/home/11-comp-arch-f/Desktop/ecen4243S25QR/lab2/lab2/lab2.srcs/sources_1/bd/design_1/ip/design_1_top_0_0/design_1_top_0_0_sim_netlist.v:]
WARNING: [filemgmt 56-199] Attempt to get parsing info during refresh. "On-the-fly" syntax checking information may be incorrect. [/home/11-comp-arch-f/Desktop/ecen4243S25QR/lab2/lab2/lab2.srcs/sources_1/imports/fpga/src/memcontroller.sv:]
WARNING: [filemgmt 56-199] Attempt to get parsing info during refresh. "On-the-fly" syntax checking information may be incorrect. [/home/11-comp-arch-f/Desktop/ecen4243S25QR/lab2/lab2/lab2.srcs/sources_1/imports/Desktop/riscv_single.sv:]
WARNING: [filemgmt 56-199] Attempt to get parsing info during refresh. "On-the-fly" syntax checking information may be incorrect. [/home/11-comp-arch-f/Desktop/ecen4243S25QR/lab2/lab2/lab2.srcs/sources_1/bd/design_1/ip/design_1_top_0_0/design_1_top_0_0_sim_netlist.vhdl:]
WARNING: [filemgmt 56-199] Attempt to get parsing info during refresh. "On-the-fly" syntax checking information may be incorrect. [/home/11-comp-arch-f/Desktop/ecen4243S25QR/lab2/lab2/lab2.srcs/sources_1/imports/fpga/src/imem.sv:]
WARNING: [filemgmt 56-199] Attempt to get parsing info during refresh. "On-the-fly" syntax checking information may be incorrect. [/home/11-comp-arch-f/Desktop/ecen4243S25QR/lab2/lab2/lab2.srcs/sources_1/imports/fpga/src/top.v:]
WARNING: [filemgmt 56-199] Attempt to get parsing info during refresh. "On-the-fly" syntax checking information may be incorrect. [/home/11-comp-arch-f/Desktop/riscv_single.sv:]
WARNING: [filemgmt 56-199] Attempt to get parsing info during refresh. "On-the-fly" syntax checking information may be incorrect. [/home/11-comp-arch-f/Desktop/ecen4243S25QR/lab2/lab2/lab2.srcs/sources_1/bd/design_1/ip/design_1_top_0_0/design_1_top_0_0_sim_netlist.v:]
WARNING: [filemgmt 56-199] Attempt to get parsing info during refresh. "On-the-fly" syntax checking information may be incorrect. [/home/11-comp-arch-f/Desktop/ecen4243S25QR/lab2/lab2/lab2.srcs/sources_1/imports/fpga/src/memcontroller.sv:]
WARNING: [filemgmt 56-199] Attempt to get parsing info during refresh. "On-the-fly" syntax checking information may be incorrect. [/home/11-comp-arch-f/Desktop/ecen4243S25QR/lab2/lab2/lab2.srcs/sources_1/imports/Desktop/riscv_single.sv:]
[Fri Mar 14 17:41:33 2025] Launched synth_1...
Run output will be captured here: /home/11-comp-arch-f/Desktop/ecen4243S25QR/lab2/lab2/lab2.runs/synth_1/runme.log
[Fri Mar 14 17:41:33 2025] Launched impl_1...
Run output will be captured here: /home/11-comp-arch-f/Desktop/ecen4243S25QR/lab2/lab2/lab2.runs/impl_1/runme.log
current_design synth_1
set_property PROBES.FILE {/home/11-comp-arch-f/Desktop/ecen4243S25QR/lab2/lab2/lab2.runs/impl_1/design_1_wrapper.ltx} [get_hw_devices xc7z020_1]
set_property FULL_PROBES.FILE {/home/11-comp-arch-f/Desktop/ecen4243S25QR/lab2/lab2/lab2.runs/impl_1/design_1_wrapper.ltx} [get_hw_devices xc7z020_1]
set_property PROGRAM.FILE {/home/11-comp-arch-f/Desktop/ecen4243S25QR/lab2/lab2/lab2.runs/impl_1/design_1_wrapper.bit} [get_hw_devices xc7z020_1]
program_hw_devices [get_hw_devices xc7z020_1]
INFO: [Labtools 27-3164] End of startup status: HIGH
refresh_hw_device [lindex [get_hw_devices xc7z020_1] 0]
INFO: [Labtools 27-2302] Device xc7z020 (JTAG device index = 1) is programmed with a design that has 1 ILA core(s).
run_hw_ila [get_hw_ilas -of_objects [get_hw_devices xc7z020_1] -filter {CELL_NAME=~"u_ila_0"}]
INFO: [Labtools 27-1964] The ILA core 'hw_ila_1' trigger was armed at 2025-Mar-14 17:43:28
wait_on_hw_ila [get_hw_ilas -of_objects [get_hw_devices xc7z020_1] -filter {CELL_NAME=~"u_ila_0"}]
display_hw_ila_data [upload_hw_ila_data [get_hw_ilas -of_objects [get_hw_devices xc7z020_1] -filter {CELL_NAME=~"u_ila_0"}]]
INFO: [Labtools 27-1966] The ILA core 'hw_ila_1' triggered at 2025-Mar-14 17:43:30
INFO: [Labtools 27-3304] ILA Waveform data saved to file /home/11-comp-arch-f/Desktop/ecen4243S25QR/lab2/lab2/lab2.hw/backup/hw_ila_data_1.ila. Use Tcl command 'read_hw_ila_data' or Vivado File->Import->Import ILA Data menu item to import the previously saved data.
WARNING: [filemgmt 56-199] Attempt to get parsing info during refresh. "On-the-fly" syntax checking information may be incorrect. [/home/11-comp-arch-f/Desktop/ecen4243S25QR/lab2/lab2/lab2.srcs/sources_1/bd/design_1/ip/design_1_top_0_0/design_1_top_0_0_sim_netlist.vhdl:]
WARNING: [filemgmt 56-199] Attempt to get parsing info during refresh. "On-the-fly" syntax checking information may be incorrect. [/home/11-comp-arch-f/Desktop/ecen4243S25QR/lab2/lab2/lab2.srcs/sources_1/imports/fpga/src/imem.sv:]
WARNING: [filemgmt 56-199] Attempt to get parsing info during refresh. "On-the-fly" syntax checking information may be incorrect. [/home/11-comp-arch-f/Desktop/ecen4243S25QR/lab2/lab2/lab2.srcs/sources_1/imports/fpga/src/top.v:]
WARNING: [filemgmt 56-199] Attempt to get parsing info during refresh. "On-the-fly" syntax checking information may be incorrect. [/home/11-comp-arch-f/Desktop/riscv_single.sv:]
WARNING: [filemgmt 56-199] Attempt to get parsing info during refresh. "On-the-fly" syntax checking information may be incorrect. [/home/11-comp-arch-f/Desktop/ecen4243S25QR/lab2/lab2/lab2.srcs/sources_1/bd/design_1/ip/design_1_top_0_0/design_1_top_0_0_sim_netlist.v:]
WARNING: [filemgmt 56-199] Attempt to get parsing info during refresh. "On-the-fly" syntax checking information may be incorrect. [/home/11-comp-arch-f/Desktop/ecen4243S25QR/lab2/lab2/lab2.srcs/sources_1/imports/fpga/src/memcontroller.sv:]
WARNING: [filemgmt 56-199] Attempt to get parsing info during refresh. "On-the-fly" syntax checking information may be incorrect. [/home/11-comp-arch-f/Desktop/ecen4243S25QR/lab2/lab2/lab2.srcs/sources_1/imports/Desktop/riscv_single.sv:]
WARNING: [filemgmt 56-199] Attempt to get parsing info during refresh. "On-the-fly" syntax checking information may be incorrect. [/home/11-comp-arch-f/Desktop/ecen4243S25QR/lab2/lab2/lab2.srcs/sources_1/bd/design_1/ip/design_1_top_0_0/design_1_top_0_0_sim_netlist.vhdl:]
WARNING: [filemgmt 56-199] Attempt to get parsing info during refresh. "On-the-fly" syntax checking information may be incorrect. [/home/11-comp-arch-f/Desktop/ecen4243S25QR/lab2/lab2/lab2.srcs/sources_1/imports/fpga/src/imem.sv:]
WARNING: [filemgmt 56-199] Attempt to get parsing info during refresh. "On-the-fly" syntax checking information may be incorrect. [/home/11-comp-arch-f/Desktop/ecen4243S25QR/lab2/lab2/lab2.srcs/sources_1/imports/fpga/src/top.v:]
WARNING: [filemgmt 56-199] Attempt to get parsing info during refresh. "On-the-fly" syntax checking information may be incorrect. [/home/11-comp-arch-f/Desktop/riscv_single.sv:]
WARNING: [filemgmt 56-199] Attempt to get parsing info during refresh. "On-the-fly" syntax checking information may be incorrect. [/home/11-comp-arch-f/Desktop/ecen4243S25QR/lab2/lab2/lab2.srcs/sources_1/bd/design_1/ip/design_1_top_0_0/design_1_top_0_0_sim_netlist.v:]
WARNING: [filemgmt 56-199] Attempt to get parsing info during refresh. "On-the-fly" syntax checking information may be incorrect. [/home/11-comp-arch-f/Desktop/ecen4243S25QR/lab2/lab2/lab2.srcs/sources_1/imports/fpga/src/memcontroller.sv:]
WARNING: [filemgmt 56-199] Attempt to get parsing info during refresh. "On-the-fly" syntax checking information may be incorrect. [/home/11-comp-arch-f/Desktop/ecen4243S25QR/lab2/lab2/lab2.srcs/sources_1/imports/Desktop/riscv_single.sv:]
WARNING: [filemgmt 56-199] Attempt to get parsing info during refresh. "On-the-fly" syntax checking information may be incorrect. [/home/11-comp-arch-f/Desktop/ecen4243S25QR/lab2/lab2/lab2.srcs/sources_1/bd/design_1/ip/design_1_top_0_0/design_1_top_0_0_sim_netlist.vhdl:]
WARNING: [filemgmt 56-199] Attempt to get parsing info during refresh. "On-the-fly" syntax checking information may be incorrect. [/home/11-comp-arch-f/Desktop/ecen4243S25QR/lab2/lab2/lab2.srcs/sources_1/imports/fpga/src/imem.sv:]
WARNING: [filemgmt 56-199] Attempt to get parsing info during refresh. "On-the-fly" syntax checking information may be incorrect. [/home/11-comp-arch-f/Desktop/ecen4243S25QR/lab2/lab2/lab2.srcs/sources_1/imports/fpga/src/top.v:]
WARNING: [filemgmt 56-199] Attempt to get parsing info during refresh. "On-the-fly" syntax checking information may be incorrect. [/home/11-comp-arch-f/Desktop/riscv_single.sv:]
WARNING: [filemgmt 56-199] Attempt to get parsing info during refresh. "On-the-fly" syntax checking information may be incorrect. [/home/11-comp-arch-f/Desktop/ecen4243S25QR/lab2/lab2/lab2.srcs/sources_1/bd/design_1/ip/design_1_top_0_0/design_1_top_0_0_sim_netlist.v:]
WARNING: [filemgmt 56-199] Attempt to get parsing info during refresh. "On-the-fly" syntax checking information may be incorrect. [/home/11-comp-arch-f/Desktop/ecen4243S25QR/lab2/lab2/lab2.srcs/sources_1/imports/fpga/src/memcontroller.sv:]
WARNING: [filemgmt 56-199] Attempt to get parsing info during refresh. "On-the-fly" syntax checking information may be incorrect. [/home/11-comp-arch-f/Desktop/ecen4243S25QR/lab2/lab2/lab2.srcs/sources_1/imports/Desktop/riscv_single.sv:]
WARNING: [filemgmt 56-199] Attempt to get parsing info during refresh. "On-the-fly" syntax checking information may be incorrect. [/home/11-comp-arch-f/Desktop/ecen4243S25QR/lab2/lab2/lab2.srcs/sources_1/bd/design_1/ip/design_1_top_0_0/design_1_top_0_0_sim_netlist.vhdl:]
WARNING: [filemgmt 56-199] Attempt to get parsing info during refresh. "On-the-fly" syntax checking information may be incorrect. [/home/11-comp-arch-f/Desktop/ecen4243S25QR/lab2/lab2/lab2.srcs/sources_1/imports/fpga/src/imem.sv:]
WARNING: [filemgmt 56-199] Attempt to get parsing info during refresh. "On-the-fly" syntax checking information may be incorrect. [/home/11-comp-arch-f/Desktop/ecen4243S25QR/lab2/lab2/lab2.srcs/sources_1/imports/fpga/src/top.v:]
WARNING: [filemgmt 56-199] Attempt to get parsing info during refresh. "On-the-fly" syntax checking information may be incorrect. [/home/11-comp-arch-f/Desktop/riscv_single.sv:]
WARNING: [filemgmt 56-199] Attempt to get parsing info during refresh. "On-the-fly" syntax checking information may be incorrect. [/home/11-comp-arch-f/Desktop/ecen4243S25QR/lab2/lab2/lab2.srcs/sources_1/bd/design_1/ip/design_1_top_0_0/design_1_top_0_0_sim_netlist.v:]
WARNING: [filemgmt 56-199] Attempt to get parsing info during refresh. "On-the-fly" syntax checking information may be incorrect. [/home/11-comp-arch-f/Desktop/ecen4243S25QR/lab2/lab2/lab2.srcs/sources_1/imports/fpga/src/memcontroller.sv:]
WARNING: [filemgmt 56-199] Attempt to get parsing info during refresh. "On-the-fly" syntax checking information may be incorrect. [/home/11-comp-arch-f/Desktop/ecen4243S25QR/lab2/lab2/lab2.srcs/sources_1/imports/Desktop/riscv_single.sv:]
WARNING: [filemgmt 56-199] Attempt to get parsing info during refresh. "On-the-fly" syntax checking information may be incorrect. [/home/11-comp-arch-f/Desktop/ecen4243S25QR/lab2/lab2/lab2.srcs/sources_1/bd/design_1/ip/design_1_top_0_0/design_1_top_0_0_sim_netlist.vhdl:]
WARNING: [filemgmt 56-199] Attempt to get parsing info during refresh. "On-the-fly" syntax checking information may be incorrect. [/home/11-comp-arch-f/Desktop/ecen4243S25QR/lab2/lab2/lab2.srcs/sources_1/imports/fpga/src/imem.sv:]
WARNING: [filemgmt 56-199] Attempt to get parsing info during refresh. "On-the-fly" syntax checking information may be incorrect. [/home/11-comp-arch-f/Desktop/ecen4243S25QR/lab2/lab2/lab2.srcs/sources_1/imports/fpga/src/top.v:]
WARNING: [filemgmt 56-199] Attempt to get parsing info during refresh. "On-the-fly" syntax checking information may be incorrect. [/home/11-comp-arch-f/Desktop/riscv_single.sv:]
WARNING: [filemgmt 56-199] Attempt to get parsing info during refresh. "On-the-fly" syntax checking information may be incorrect. [/home/11-comp-arch-f/Desktop/ecen4243S25QR/lab2/lab2/lab2.srcs/sources_1/bd/design_1/ip/design_1_top_0_0/design_1_top_0_0_sim_netlist.v:]
WARNING: [filemgmt 56-199] Attempt to get parsing info during refresh. "On-the-fly" syntax checking information may be incorrect. [/home/11-comp-arch-f/Desktop/ecen4243S25QR/lab2/lab2/lab2.srcs/sources_1/imports/fpga/src/memcontroller.sv:]
WARNING: [filemgmt 56-199] Attempt to get parsing info during refresh. "On-the-fly" syntax checking information may be incorrect. [/home/11-comp-arch-f/Desktop/ecen4243S25QR/lab2/lab2/lab2.srcs/sources_1/imports/Desktop/riscv_single.sv:]
WARNING: [filemgmt 56-199] Attempt to get parsing info during refresh. "On-the-fly" syntax checking information may be incorrect. [/home/11-comp-arch-f/Desktop/ecen4243S25QR/lab2/lab2/lab2.srcs/sources_1/bd/design_1/ip/design_1_top_0_0/design_1_top_0_0_sim_netlist.vhdl:]
WARNING: [filemgmt 56-199] Attempt to get parsing info during refresh. "On-the-fly" syntax checking information may be incorrect. [/home/11-comp-arch-f/Desktop/ecen4243S25QR/lab2/lab2/lab2.srcs/sources_1/imports/fpga/src/imem.sv:]
WARNING: [filemgmt 56-199] Attempt to get parsing info during refresh. "On-the-fly" syntax checking information may be incorrect. [/home/11-comp-arch-f/Desktop/ecen4243S25QR/lab2/lab2/lab2.srcs/sources_1/imports/fpga/src/top.v:]
WARNING: [filemgmt 56-199] Attempt to get parsing info during refresh. "On-the-fly" syntax checking information may be incorrect. [/home/11-comp-arch-f/Desktop/riscv_single.sv:]
WARNING: [filemgmt 56-199] Attempt to get parsing info during refresh. "On-the-fly" syntax checking information may be incorrect. [/home/11-comp-arch-f/Desktop/ecen4243S25QR/lab2/lab2/lab2.srcs/sources_1/bd/design_1/ip/design_1_top_0_0/design_1_top_0_0_sim_netlist.v:]
WARNING: [filemgmt 56-199] Attempt to get parsing info during refresh. "On-the-fly" syntax checking information may be incorrect. [/home/11-comp-arch-f/Desktop/ecen4243S25QR/lab2/lab2/lab2.srcs/sources_1/imports/fpga/src/memcontroller.sv:]
WARNING: [filemgmt 56-199] Attempt to get parsing info during refresh. "On-the-fly" syntax checking information may be incorrect. [/home/11-comp-arch-f/Desktop/ecen4243S25QR/lab2/lab2/lab2.srcs/sources_1/imports/Desktop/riscv_single.sv:]
WARNING: [filemgmt 56-199] Attempt to get parsing info during refresh. "On-the-fly" syntax checking information may be incorrect. [/home/11-comp-arch-f/Desktop/ecen4243S25QR/lab2/lab2/lab2.srcs/sources_1/bd/design_1/ip/design_1_top_0_0/design_1_top_0_0_sim_netlist.vhdl:]
WARNING: [filemgmt 56-199] Attempt to get parsing info during refresh. "On-the-fly" syntax checking information may be incorrect. [/home/11-comp-arch-f/Desktop/ecen4243S25QR/lab2/lab2/lab2.srcs/sources_1/imports/fpga/src/imem.sv:]
WARNING: [filemgmt 56-199] Attempt to get parsing info during refresh. "On-the-fly" syntax checking information may be incorrect. [/home/11-comp-arch-f/Desktop/ecen4243S25QR/lab2/lab2/lab2.srcs/sources_1/imports/fpga/src/top.v:]
WARNING: [filemgmt 56-199] Attempt to get parsing info during refresh. "On-the-fly" syntax checking information may be incorrect. [/home/11-comp-arch-f/Desktop/riscv_single.sv:]
WARNING: [filemgmt 56-199] Attempt to get parsing info during refresh. "On-the-fly" syntax checking information may be incorrect. [/home/11-comp-arch-f/Desktop/ecen4243S25QR/lab2/lab2/lab2.srcs/sources_1/bd/design_1/ip/design_1_top_0_0/design_1_top_0_0_sim_netlist.v:]
WARNING: [filemgmt 56-199] Attempt to get parsing info during refresh. "On-the-fly" syntax checking information may be incorrect. [/home/11-comp-arch-f/Desktop/ecen4243S25QR/lab2/lab2/lab2.srcs/sources_1/imports/fpga/src/memcontroller.sv:]
WARNING: [filemgmt 56-199] Attempt to get parsing info during refresh. "On-the-fly" syntax checking information may be incorrect. [/home/11-comp-arch-f/Desktop/ecen4243S25QR/lab2/lab2/lab2.srcs/sources_1/imports/Desktop/riscv_single.sv:]
WARNING: [filemgmt 56-199] Attempt to get parsing info during refresh. "On-the-fly" syntax checking information may be incorrect. [/home/11-comp-arch-f/Desktop/ecen4243S25QR/lab2/lab2/lab2.srcs/sources_1/bd/design_1/ip/design_1_top_0_0/design_1_top_0_0_sim_netlist.vhdl:]
WARNING: [filemgmt 56-199] Attempt to get parsing info during refresh. "On-the-fly" syntax checking information may be incorrect. [/home/11-comp-arch-f/Desktop/ecen4243S25QR/lab2/lab2/lab2.srcs/sources_1/imports/fpga/src/imem.sv:]
WARNING: [filemgmt 56-199] Attempt to get parsing info during refresh. "On-the-fly" syntax checking information may be incorrect. [/home/11-comp-arch-f/Desktop/ecen4243S25QR/lab2/lab2/lab2.srcs/sources_1/imports/fpga/src/top.v:]
WARNING: [filemgmt 56-199] Attempt to get parsing info during refresh. "On-the-fly" syntax checking information may be incorrect. [/home/11-comp-arch-f/Desktop/riscv_single.sv:]
WARNING: [filemgmt 56-199] Attempt to get parsing info during refresh. "On-the-fly" syntax checking information may be incorrect. [/home/11-comp-arch-f/Desktop/ecen4243S25QR/lab2/lab2/lab2.srcs/sources_1/bd/design_1/ip/design_1_top_0_0/design_1_top_0_0_sim_netlist.v:]
WARNING: [filemgmt 56-199] Attempt to get parsing info during refresh. "On-the-fly" syntax checking information may be incorrect. [/home/11-comp-arch-f/Desktop/ecen4243S25QR/lab2/lab2/lab2.srcs/sources_1/imports/fpga/src/memcontroller.sv:]
WARNING: [filemgmt 56-199] Attempt to get parsing info during refresh. "On-the-fly" syntax checking information may be incorrect. [/home/11-comp-arch-f/Desktop/ecen4243S25QR/lab2/lab2/lab2.srcs/sources_1/imports/Desktop/riscv_single.sv:]
WARNING: [filemgmt 56-199] Attempt to get parsing info during refresh. "On-the-fly" syntax checking information may be incorrect. [/home/11-comp-arch-f/Desktop/ecen4243S25QR/lab2/lab2/lab2.srcs/sources_1/bd/design_1/ip/design_1_top_0_0/design_1_top_0_0_sim_netlist.vhdl:]
WARNING: [filemgmt 56-199] Attempt to get parsing info during refresh. "On-the-fly" syntax checking information may be incorrect. [/home/11-comp-arch-f/Desktop/ecen4243S25QR/lab2/lab2/lab2.srcs/sources_1/imports/fpga/src/imem.sv:]
WARNING: [filemgmt 56-199] Attempt to get parsing info during refresh. "On-the-fly" syntax checking information may be incorrect. [/home/11-comp-arch-f/Desktop/ecen4243S25QR/lab2/lab2/lab2.srcs/sources_1/imports/fpga/src/top.v:]
WARNING: [filemgmt 56-199] Attempt to get parsing info during refresh. "On-the-fly" syntax checking information may be incorrect. [/home/11-comp-arch-f/Desktop/riscv_single.sv:]
WARNING: [filemgmt 56-199] Attempt to get parsing info during refresh. "On-the-fly" syntax checking information may be incorrect. [/home/11-comp-arch-f/Desktop/ecen4243S25QR/lab2/lab2/lab2.srcs/sources_1/bd/design_1/ip/design_1_top_0_0/design_1_top_0_0_sim_netlist.v:]
WARNING: [filemgmt 56-199] Attempt to get parsing info during refresh. "On-the-fly" syntax checking information may be incorrect. [/home/11-comp-arch-f/Desktop/ecen4243S25QR/lab2/lab2/lab2.srcs/sources_1/imports/fpga/src/memcontroller.sv:]
WARNING: [filemgmt 56-199] Attempt to get parsing info during refresh. "On-the-fly" syntax checking information may be incorrect. [/home/11-comp-arch-f/Desktop/ecen4243S25QR/lab2/lab2/lab2.srcs/sources_1/imports/Desktop/riscv_single.sv:]
WARNING: [filemgmt 56-199] Attempt to get parsing info during refresh. "On-the-fly" syntax checking information may be incorrect. [/home/11-comp-arch-f/Desktop/ecen4243S25QR/lab2/lab2/lab2.srcs/sources_1/bd/design_1/ip/design_1_top_0_0/design_1_top_0_0_sim_netlist.vhdl:]
WARNING: [filemgmt 56-199] Attempt to get parsing info during refresh. "On-the-fly" syntax checking information may be incorrect. [/home/11-comp-arch-f/Desktop/ecen4243S25QR/lab2/lab2/lab2.srcs/sources_1/imports/fpga/src/imem.sv:]
WARNING: [filemgmt 56-199] Attempt to get parsing info during refresh. "On-the-fly" syntax checking information may be incorrect. [/home/11-comp-arch-f/Desktop/ecen4243S25QR/lab2/lab2/lab2.srcs/sources_1/imports/fpga/src/top.v:]
WARNING: [filemgmt 56-199] Attempt to get parsing info during refresh. "On-the-fly" syntax checking information may be incorrect. [/home/11-comp-arch-f/Desktop/riscv_single.sv:]
WARNING: [filemgmt 56-199] Attempt to get parsing info during refresh. "On-the-fly" syntax checking information may be incorrect. [/home/11-comp-arch-f/Desktop/ecen4243S25QR/lab2/lab2/lab2.srcs/sources_1/bd/design_1/ip/design_1_top_0_0/design_1_top_0_0_sim_netlist.v:]
WARNING: [filemgmt 56-199] Attempt to get parsing info during refresh. "On-the-fly" syntax checking information may be incorrect. [/home/11-comp-arch-f/Desktop/ecen4243S25QR/lab2/lab2/lab2.srcs/sources_1/imports/fpga/src/memcontroller.sv:]
WARNING: [filemgmt 56-199] Attempt to get parsing info during refresh. "On-the-fly" syntax checking information may be incorrect. [/home/11-comp-arch-f/Desktop/ecen4243S25QR/lab2/lab2/lab2.srcs/sources_1/imports/Desktop/riscv_single.sv:]
WARNING: [filemgmt 56-199] Attempt to get parsing info during refresh. "On-the-fly" syntax checking information may be incorrect. [/home/11-comp-arch-f/Desktop/ecen4243S25QR/lab2/lab2/lab2.srcs/sources_1/bd/design_1/ip/design_1_top_0_0/design_1_top_0_0_sim_netlist.vhdl:]
WARNING: [filemgmt 56-199] Attempt to get parsing info during refresh. "On-the-fly" syntax checking information may be incorrect. [/home/11-comp-arch-f/Desktop/ecen4243S25QR/lab2/lab2/lab2.srcs/sources_1/imports/fpga/src/imem.sv:]
WARNING: [filemgmt 56-199] Attempt to get parsing info during refresh. "On-the-fly" syntax checking information may be incorrect. [/home/11-comp-arch-f/Desktop/ecen4243S25QR/lab2/lab2/lab2.srcs/sources_1/imports/fpga/src/top.v:]
WARNING: [filemgmt 56-199] Attempt to get parsing info during refresh. "On-the-fly" syntax checking information may be incorrect. [/home/11-comp-arch-f/Desktop/riscv_single.sv:]
WARNING: [filemgmt 56-199] Attempt to get parsing info during refresh. "On-the-fly" syntax checking information may be incorrect. [/home/11-comp-arch-f/Desktop/ecen4243S25QR/lab2/lab2/lab2.srcs/sources_1/bd/design_1/ip/design_1_top_0_0/design_1_top_0_0_sim_netlist.v:]
WARNING: [filemgmt 56-199] Attempt to get parsing info during refresh. "On-the-fly" syntax checking information may be incorrect. [/home/11-comp-arch-f/Desktop/ecen4243S25QR/lab2/lab2/lab2.srcs/sources_1/imports/fpga/src/memcontroller.sv:]
WARNING: [filemgmt 56-199] Attempt to get parsing info during refresh. "On-the-fly" syntax checking information may be incorrect. [/home/11-comp-arch-f/Desktop/ecen4243S25QR/lab2/lab2/lab2.srcs/sources_1/imports/Desktop/riscv_single.sv:]
WARNING: [filemgmt 56-199] Attempt to get parsing info during refresh. "On-the-fly" syntax checking information may be incorrect. [/home/11-comp-arch-f/Desktop/ecen4243S25QR/lab2/lab2/lab2.srcs/sources_1/bd/design_1/ip/design_1_top_0_0/design_1_top_0_0_sim_netlist.vhdl:]
WARNING: [filemgmt 56-199] Attempt to get parsing info during refresh. "On-the-fly" syntax checking information may be incorrect. [/home/11-comp-arch-f/Desktop/ecen4243S25QR/lab2/lab2/lab2.srcs/sources_1/imports/fpga/src/imem.sv:]
WARNING: [filemgmt 56-199] Attempt to get parsing info during refresh. "On-the-fly" syntax checking information may be incorrect. [/home/11-comp-arch-f/Desktop/ecen4243S25QR/lab2/lab2/lab2.srcs/sources_1/imports/fpga/src/top.v:]
WARNING: [filemgmt 56-199] Attempt to get parsing info during refresh. "On-the-fly" syntax checking information may be incorrect. [/home/11-comp-arch-f/Desktop/riscv_single.sv:]
WARNING: [filemgmt 56-199] Attempt to get parsing info during refresh. "On-the-fly" syntax checking information may be incorrect. [/home/11-comp-arch-f/Desktop/ecen4243S25QR/lab2/lab2/lab2.srcs/sources_1/bd/design_1/ip/design_1_top_0_0/design_1_top_0_0_sim_netlist.v:]
WARNING: [filemgmt 56-199] Attempt to get parsing info during refresh. "On-the-fly" syntax checking information may be incorrect. [/home/11-comp-arch-f/Desktop/ecen4243S25QR/lab2/lab2/lab2.srcs/sources_1/imports/fpga/src/memcontroller.sv:]
WARNING: [filemgmt 56-199] Attempt to get parsing info during refresh. "On-the-fly" syntax checking information may be incorrect. [/home/11-comp-arch-f/Desktop/ecen4243S25QR/lab2/lab2/lab2.srcs/sources_1/imports/Desktop/riscv_single.sv:]
WARNING: [filemgmt 56-199] Attempt to get parsing info during refresh. "On-the-fly" syntax checking information may be incorrect. [/home/11-comp-arch-f/Desktop/ecen4243S25QR/lab2/lab2/lab2.srcs/sources_1/bd/design_1/ip/design_1_top_0_0/design_1_top_0_0_sim_netlist.vhdl:]
WARNING: [filemgmt 56-199] Attempt to get parsing info during refresh. "On-the-fly" syntax checking information may be incorrect. [/home/11-comp-arch-f/Desktop/ecen4243S25QR/lab2/lab2/lab2.srcs/sources_1/imports/fpga/src/imem.sv:]
WARNING: [filemgmt 56-199] Attempt to get parsing info during refresh. "On-the-fly" syntax checking information may be incorrect. [/home/11-comp-arch-f/Desktop/ecen4243S25QR/lab2/lab2/lab2.srcs/sources_1/imports/fpga/src/top.v:]
WARNING: [filemgmt 56-199] Attempt to get parsing info during refresh. "On-the-fly" syntax checking information may be incorrect. [/home/11-comp-arch-f/Desktop/riscv_single.sv:]
WARNING: [filemgmt 56-199] Attempt to get parsing info during refresh. "On-the-fly" syntax checking information may be incorrect. [/home/11-comp-arch-f/Desktop/ecen4243S25QR/lab2/lab2/lab2.srcs/sources_1/bd/design_1/ip/design_1_top_0_0/design_1_top_0_0_sim_netlist.v:]
WARNING: [filemgmt 56-199] Attempt to get parsing info during refresh. "On-the-fly" syntax checking information may be incorrect. [/home/11-comp-arch-f/Desktop/ecen4243S25QR/lab2/lab2/lab2.srcs/sources_1/imports/fpga/src/memcontroller.sv:]
WARNING: [filemgmt 56-199] Attempt to get parsing info during refresh. "On-the-fly" syntax checking information may be incorrect. [/home/11-comp-arch-f/Desktop/ecen4243S25QR/lab2/lab2/lab2.srcs/sources_1/imports/Desktop/riscv_single.sv:]
WARNING: [filemgmt 56-199] Attempt to get parsing info during refresh. "On-the-fly" syntax checking information may be incorrect. [/home/11-comp-arch-f/Desktop/ecen4243S25QR/lab2/lab2/lab2.srcs/sources_1/bd/design_1/ip/design_1_top_0_0/design_1_top_0_0_sim_netlist.vhdl:]
WARNING: [filemgmt 56-199] Attempt to get parsing info during refresh. "On-the-fly" syntax checking information may be incorrect. [/home/11-comp-arch-f/Desktop/ecen4243S25QR/lab2/lab2/lab2.srcs/sources_1/imports/fpga/src/imem.sv:]
WARNING: [filemgmt 56-199] Attempt to get parsing info during refresh. "On-the-fly" syntax checking information may be incorrect. [/home/11-comp-arch-f/Desktop/ecen4243S25QR/lab2/lab2/lab2.srcs/sources_1/imports/fpga/src/top.v:]
WARNING: [filemgmt 56-199] Attempt to get parsing info during refresh. "On-the-fly" syntax checking information may be incorrect. [/home/11-comp-arch-f/Desktop/riscv_single.sv:]
WARNING: [filemgmt 56-199] Attempt to get parsing info during refresh. "On-the-fly" syntax checking information may be incorrect. [/home/11-comp-arch-f/Desktop/ecen4243S25QR/lab2/lab2/lab2.srcs/sources_1/bd/design_1/ip/design_1_top_0_0/design_1_top_0_0_sim_netlist.v:]
WARNING: [filemgmt 56-199] Attempt to get parsing info during refresh. "On-the-fly" syntax checking information may be incorrect. [/home/11-comp-arch-f/Desktop/ecen4243S25QR/lab2/lab2/lab2.srcs/sources_1/imports/fpga/src/memcontroller.sv:]
WARNING: [filemgmt 56-199] Attempt to get parsing info during refresh. "On-the-fly" syntax checking information may be incorrect. [/home/11-comp-arch-f/Desktop/ecen4243S25QR/lab2/lab2/lab2.srcs/sources_1/imports/Desktop/riscv_single.sv:]
WARNING: [filemgmt 56-199] Attempt to get parsing info during refresh. "On-the-fly" syntax checking information may be incorrect. [/home/11-comp-arch-f/Desktop/ecen4243S25QR/lab2/lab2/lab2.srcs/sources_1/bd/design_1/ip/design_1_top_0_0/design_1_top_0_0_sim_netlist.vhdl:]
WARNING: [filemgmt 56-199] Attempt to get parsing info during refresh. "On-the-fly" syntax checking information may be incorrect. [/home/11-comp-arch-f/Desktop/ecen4243S25QR/lab2/lab2/lab2.srcs/sources_1/imports/fpga/src/imem.sv:]
WARNING: [filemgmt 56-199] Attempt to get parsing info during refresh. "On-the-fly" syntax checking information may be incorrect. [/home/11-comp-arch-f/Desktop/ecen4243S25QR/lab2/lab2/lab2.srcs/sources_1/imports/fpga/src/top.v:]
WARNING: [filemgmt 56-199] Attempt to get parsing info during refresh. "On-the-fly" syntax checking information may be incorrect. [/home/11-comp-arch-f/Desktop/riscv_single.sv:]
WARNING: [filemgmt 56-199] Attempt to get parsing info during refresh. "On-the-fly" syntax checking information may be incorrect. [/home/11-comp-arch-f/Desktop/ecen4243S25QR/lab2/lab2/lab2.srcs/sources_1/bd/design_1/ip/design_1_top_0_0/design_1_top_0_0_sim_netlist.v:]
WARNING: [filemgmt 56-199] Attempt to get parsing info during refresh. "On-the-fly" syntax checking information may be incorrect. [/home/11-comp-arch-f/Desktop/ecen4243S25QR/lab2/lab2/lab2.srcs/sources_1/imports/fpga/src/memcontroller.sv:]
WARNING: [filemgmt 56-199] Attempt to get parsing info during refresh. "On-the-fly" syntax checking information may be incorrect. [/home/11-comp-arch-f/Desktop/ecen4243S25QR/lab2/lab2/lab2.srcs/sources_1/imports/Desktop/riscv_single.sv:]
WARNING: [filemgmt 56-199] Attempt to get parsing info during refresh. "On-the-fly" syntax checking information may be incorrect. [/home/11-comp-arch-f/Desktop/ecen4243S25QR/lab2/lab2/lab2.srcs/sources_1/bd/design_1/ip/design_1_top_0_0/design_1_top_0_0_sim_netlist.vhdl:]
WARNING: [filemgmt 56-199] Attempt to get parsing info during refresh. "On-the-fly" syntax checking information may be incorrect. [/home/11-comp-arch-f/Desktop/ecen4243S25QR/lab2/lab2/lab2.srcs/sources_1/imports/fpga/src/imem.sv:]
WARNING: [filemgmt 56-199] Attempt to get parsing info during refresh. "On-the-fly" syntax checking information may be incorrect. [/home/11-comp-arch-f/Desktop/ecen4243S25QR/lab2/lab2/lab2.srcs/sources_1/imports/fpga/src/top.v:]
WARNING: [filemgmt 56-199] Attempt to get parsing info during refresh. "On-the-fly" syntax checking information may be incorrect. [/home/11-comp-arch-f/Desktop/riscv_single.sv:]
WARNING: [filemgmt 56-199] Attempt to get parsing info during refresh. "On-the-fly" syntax checking information may be incorrect. [/home/11-comp-arch-f/Desktop/ecen4243S25QR/lab2/lab2/lab2.srcs/sources_1/bd/design_1/ip/design_1_top_0_0/design_1_top_0_0_sim_netlist.v:]
WARNING: [filemgmt 56-199] Attempt to get parsing info during refresh. "On-the-fly" syntax checking information may be incorrect. [/home/11-comp-arch-f/Desktop/ecen4243S25QR/lab2/lab2/lab2.srcs/sources_1/imports/fpga/src/memcontroller.sv:]
WARNING: [filemgmt 56-199] Attempt to get parsing info during refresh. "On-the-fly" syntax checking information may be incorrect. [/home/11-comp-arch-f/Desktop/ecen4243S25QR/lab2/lab2/lab2.srcs/sources_1/imports/Desktop/riscv_single.sv:]
WARNING: [filemgmt 56-199] Attempt to get parsing info during refresh. "On-the-fly" syntax checking information may be incorrect. [/home/11-comp-arch-f/Desktop/ecen4243S25QR/lab2/lab2/lab2.srcs/sources_1/bd/design_1/ip/design_1_top_0_0/design_1_top_0_0_sim_netlist.vhdl:]
WARNING: [filemgmt 56-199] Attempt to get parsing info during refresh. "On-the-fly" syntax checking information may be incorrect. [/home/11-comp-arch-f/Desktop/ecen4243S25QR/lab2/lab2/lab2.srcs/sources_1/imports/fpga/src/imem.sv:]
WARNING: [filemgmt 56-199] Attempt to get parsing info during refresh. "On-the-fly" syntax checking information may be incorrect. [/home/11-comp-arch-f/Desktop/ecen4243S25QR/lab2/lab2/lab2.srcs/sources_1/imports/fpga/src/top.v:]
WARNING: [filemgmt 56-199] Attempt to get parsing info during refresh. "On-the-fly" syntax checking information may be incorrect. [/home/11-comp-arch-f/Desktop/riscv_single.sv:]
WARNING: [filemgmt 56-199] Attempt to get parsing info during refresh. "On-the-fly" syntax checking information may be incorrect. [/home/11-comp-arch-f/Desktop/ecen4243S25QR/lab2/lab2/lab2.srcs/sources_1/bd/design_1/ip/design_1_top_0_0/design_1_top_0_0_sim_netlist.v:]
WARNING: [filemgmt 56-199] Attempt to get parsing info during refresh. "On-the-fly" syntax checking information may be incorrect. [/home/11-comp-arch-f/Desktop/ecen4243S25QR/lab2/lab2/lab2.srcs/sources_1/imports/fpga/src/memcontroller.sv:]
WARNING: [filemgmt 56-199] Attempt to get parsing info during refresh. "On-the-fly" syntax checking information may be incorrect. [/home/11-comp-arch-f/Desktop/ecen4243S25QR/lab2/lab2/lab2.srcs/sources_1/imports/Desktop/riscv_single.sv:]
WARNING: [filemgmt 56-199] Attempt to get parsing info during refresh. "On-the-fly" syntax checking information may be incorrect. [/home/11-comp-arch-f/Desktop/ecen4243S25QR/lab2/lab2/lab2.srcs/sources_1/bd/design_1/ip/design_1_top_0_0/design_1_top_0_0_sim_netlist.vhdl:]
WARNING: [filemgmt 56-199] Attempt to get parsing info during refresh. "On-the-fly" syntax checking information may be incorrect. [/home/11-comp-arch-f/Desktop/ecen4243S25QR/lab2/lab2/lab2.srcs/sources_1/imports/fpga/src/imem.sv:]
WARNING: [filemgmt 56-199] Attempt to get parsing info during refresh. "On-the-fly" syntax checking information may be incorrect. [/home/11-comp-arch-f/Desktop/ecen4243S25QR/lab2/lab2/lab2.srcs/sources_1/imports/fpga/src/top.v:]
WARNING: [filemgmt 56-199] Attempt to get parsing info during refresh. "On-the-fly" syntax checking information may be incorrect. [/home/11-comp-arch-f/Desktop/riscv_single.sv:]
WARNING: [filemgmt 56-199] Attempt to get parsing info during refresh. "On-the-fly" syntax checking information may be incorrect. [/home/11-comp-arch-f/Desktop/ecen4243S25QR/lab2/lab2/lab2.srcs/sources_1/bd/design_1/ip/design_1_top_0_0/design_1_top_0_0_sim_netlist.v:]
WARNING: [filemgmt 56-199] Attempt to get parsing info during refresh. "On-the-fly" syntax checking information may be incorrect. [/home/11-comp-arch-f/Desktop/ecen4243S25QR/lab2/lab2/lab2.srcs/sources_1/imports/fpga/src/memcontroller.sv:]
WARNING: [filemgmt 56-199] Attempt to get parsing info during refresh. "On-the-fly" syntax checking information may be incorrect. [/home/11-comp-arch-f/Desktop/ecen4243S25QR/lab2/lab2/lab2.srcs/sources_1/imports/Desktop/riscv_single.sv:]
WARNING: [filemgmt 56-199] Attempt to get parsing info during refresh. "On-the-fly" syntax checking information may be incorrect. [/home/11-comp-arch-f/Desktop/ecen4243S25QR/lab2/lab2/lab2.srcs/sources_1/bd/design_1/ip/design_1_top_0_0/design_1_top_0_0_sim_netlist.vhdl:]
WARNING: [filemgmt 56-199] Attempt to get parsing info during refresh. "On-the-fly" syntax checking information may be incorrect. [/home/11-comp-arch-f/Desktop/ecen4243S25QR/lab2/lab2/lab2.srcs/sources_1/imports/fpga/src/imem.sv:]
WARNING: [filemgmt 56-199] Attempt to get parsing info during refresh. "On-the-fly" syntax checking information may be incorrect. [/home/11-comp-arch-f/Desktop/ecen4243S25QR/lab2/lab2/lab2.srcs/sources_1/imports/fpga/src/top.v:]
WARNING: [filemgmt 56-199] Attempt to get parsing info during refresh. "On-the-fly" syntax checking information may be incorrect. [/home/11-comp-arch-f/Desktop/riscv_single.sv:]
WARNING: [filemgmt 56-199] Attempt to get parsing info during refresh. "On-the-fly" syntax checking information may be incorrect. [/home/11-comp-arch-f/Desktop/ecen4243S25QR/lab2/lab2/lab2.srcs/sources_1/bd/design_1/ip/design_1_top_0_0/design_1_top_0_0_sim_netlist.v:]
WARNING: [filemgmt 56-199] Attempt to get parsing info during refresh. "On-the-fly" syntax checking information may be incorrect. [/home/11-comp-arch-f/Desktop/ecen4243S25QR/lab2/lab2/lab2.srcs/sources_1/imports/fpga/src/memcontroller.sv:]
WARNING: [filemgmt 56-199] Attempt to get parsing info during refresh. "On-the-fly" syntax checking information may be incorrect. [/home/11-comp-arch-f/Desktop/ecen4243S25QR/lab2/lab2/lab2.srcs/sources_1/imports/Desktop/riscv_single.sv:]
WARNING: [filemgmt 56-199] Attempt to get parsing info during refresh. "On-the-fly" syntax checking information may be incorrect. [/home/11-comp-arch-f/Desktop/ecen4243S25QR/lab2/lab2/lab2.srcs/sources_1/bd/design_1/ip/design_1_top_0_0/design_1_top_0_0_sim_netlist.vhdl:]
WARNING: [filemgmt 56-199] Attempt to get parsing info during refresh. "On-the-fly" syntax checking information may be incorrect. [/home/11-comp-arch-f/Desktop/ecen4243S25QR/lab2/lab2/lab2.srcs/sources_1/imports/fpga/src/imem.sv:]
WARNING: [filemgmt 56-199] Attempt to get parsing info during refresh. "On-the-fly" syntax checking information may be incorrect. [/home/11-comp-arch-f/Desktop/ecen4243S25QR/lab2/lab2/lab2.srcs/sources_1/imports/fpga/src/top.v:]
WARNING: [filemgmt 56-199] Attempt to get parsing info during refresh. "On-the-fly" syntax checking information may be incorrect. [/home/11-comp-arch-f/Desktop/riscv_single.sv:]
WARNING: [filemgmt 56-199] Attempt to get parsing info during refresh. "On-the-fly" syntax checking information may be incorrect. [/home/11-comp-arch-f/Desktop/ecen4243S25QR/lab2/lab2/lab2.srcs/sources_1/bd/design_1/ip/design_1_top_0_0/design_1_top_0_0_sim_netlist.v:]
WARNING: [filemgmt 56-199] Attempt to get parsing info during refresh. "On-the-fly" syntax checking information may be incorrect. [/home/11-comp-arch-f/Desktop/ecen4243S25QR/lab2/lab2/lab2.srcs/sources_1/imports/fpga/src/memcontroller.sv:]
WARNING: [filemgmt 56-199] Attempt to get parsing info during refresh. "On-the-fly" syntax checking information may be incorrect. [/home/11-comp-arch-f/Desktop/ecen4243S25QR/lab2/lab2/lab2.srcs/sources_1/imports/Desktop/riscv_single.sv:]
WARNING: [filemgmt 56-199] Attempt to get parsing info during refresh. "On-the-fly" syntax checking information may be incorrect. [/home/11-comp-arch-f/Desktop/ecen4243S25QR/lab2/lab2/lab2.srcs/sources_1/bd/design_1/ip/design_1_top_0_0/design_1_top_0_0_sim_netlist.vhdl:]
WARNING: [filemgmt 56-199] Attempt to get parsing info during refresh. "On-the-fly" syntax checking information may be incorrect. [/home/11-comp-arch-f/Desktop/ecen4243S25QR/lab2/lab2/lab2.srcs/sources_1/imports/fpga/src/imem.sv:]
WARNING: [filemgmt 56-199] Attempt to get parsing info during refresh. "On-the-fly" syntax checking information may be incorrect. [/home/11-comp-arch-f/Desktop/ecen4243S25QR/lab2/lab2/lab2.srcs/sources_1/imports/fpga/src/top.v:]
WARNING: [filemgmt 56-199] Attempt to get parsing info during refresh. "On-the-fly" syntax checking information may be incorrect. [/home/11-comp-arch-f/Desktop/riscv_single.sv:]
WARNING: [filemgmt 56-199] Attempt to get parsing info during refresh. "On-the-fly" syntax checking information may be incorrect. [/home/11-comp-arch-f/Desktop/ecen4243S25QR/lab2/lab2/lab2.srcs/sources_1/bd/design_1/ip/design_1_top_0_0/design_1_top_0_0_sim_netlist.v:]
WARNING: [filemgmt 56-199] Attempt to get parsing info during refresh. "On-the-fly" syntax checking information may be incorrect. [/home/11-comp-arch-f/Desktop/ecen4243S25QR/lab2/lab2/lab2.srcs/sources_1/imports/fpga/src/memcontroller.sv:]
WARNING: [filemgmt 56-199] Attempt to get parsing info during refresh. "On-the-fly" syntax checking information may be incorrect. [/home/11-comp-arch-f/Desktop/ecen4243S25QR/lab2/lab2/lab2.srcs/sources_1/imports/Desktop/riscv_single.sv:]
WARNING: [filemgmt 56-199] Attempt to get parsing info during refresh. "On-the-fly" syntax checking information may be incorrect. [/home/11-comp-arch-f/Desktop/ecen4243S25QR/lab2/lab2/lab2.srcs/sources_1/bd/design_1/ip/design_1_top_0_0/design_1_top_0_0_sim_netlist.vhdl:]
WARNING: [filemgmt 56-199] Attempt to get parsing info during refresh. "On-the-fly" syntax checking information may be incorrect. [/home/11-comp-arch-f/Desktop/ecen4243S25QR/lab2/lab2/lab2.srcs/sources_1/imports/fpga/src/imem.sv:]
WARNING: [filemgmt 56-199] Attempt to get parsing info during refresh. "On-the-fly" syntax checking information may be incorrect. [/home/11-comp-arch-f/Desktop/ecen4243S25QR/lab2/lab2/lab2.srcs/sources_1/imports/fpga/src/top.v:]
WARNING: [filemgmt 56-199] Attempt to get parsing info during refresh. "On-the-fly" syntax checking information may be incorrect. [/home/11-comp-arch-f/Desktop/riscv_single.sv:]
WARNING: [filemgmt 56-199] Attempt to get parsing info during refresh. "On-the-fly" syntax checking information may be incorrect. [/home/11-comp-arch-f/Desktop/ecen4243S25QR/lab2/lab2/lab2.srcs/sources_1/bd/design_1/ip/design_1_top_0_0/design_1_top_0_0_sim_netlist.v:]
WARNING: [filemgmt 56-199] Attempt to get parsing info during refresh. "On-the-fly" syntax checking information may be incorrect. [/home/11-comp-arch-f/Desktop/ecen4243S25QR/lab2/lab2/lab2.srcs/sources_1/imports/fpga/src/memcontroller.sv:]
WARNING: [filemgmt 56-199] Attempt to get parsing info during refresh. "On-the-fly" syntax checking information may be incorrect. [/home/11-comp-arch-f/Desktop/ecen4243S25QR/lab2/lab2/lab2.srcs/sources_1/imports/Desktop/riscv_single.sv:]
ERROR: [Labtoolstcl 44-513] HW Target shutdown. Closing target: localhost:3121/xilinx_tcf/Digilent/210014A24E4BA
INFO: [Labtoolstcl 44-466] Opening hw_target localhost:3121/xilinx_tcf/Digilent/210014A24E4BA
WARNING: [Labtoolstcl 44-129] No matching hw_ila_data was found.
INFO: [Labtools 27-1434] Device xc7z020 (JTAG device index = 1) is programmed with a design that has no supported debug core(s) in it.
WARNING: [Labtools 27-3361] The debug hub core was not detected.
Resolution: 
1. Make sure the clock connected to the debug hub (dbg_hub) core is a free running clock and is active.
2. Make sure the BSCAN_SWITCH_USER_MASK device property in Vivado Hardware Manager reflects the user scan chain setting in the design and refresh the device.  To determine the user scan chain setting in the design, open the implemented design and use 'get_property C_USER_SCAN_CHAIN [get_debug_cores dbg_hub]'.
For more details on setting the scan chain property, consult the Vivado Debug and Programming User Guide (UG908).
WARNING: [Labtools 27-3413] Dropping logic core with cellname:'u_ila_0' at location 'uuid_23E7D65A79BC59F7BC47406C1714DFAE' from probes file, since it cannot be found on the programmed device.
WARNING: [Labtoolstcl 44-129] No matching hw_ila_data was found.
source setup.tcl
# import_files -norecurse riscv_single.sv
WARNING: [filemgmt 20-354] The following file(s) were not imported. Local copy of file(s) already exists:
/home/11-comp-arch-f/Desktop/riscv_single.sv
Hint: use the '-force' option to overwrite the local copies.
# update_compile_order -fileset sources_1
# reset_run synth_1
# launch_runs impl_1 -to_step write_bitstream -jobs 5
WARNING: [Project 1-478] Design 'synth_1' is stale and will not be used when launching 'impl_1'
[Fri Mar 14 17:51:27 2025] Launched synth_1...
Run output will be captured here: /home/11-comp-arch-f/Desktop/ecen4243S25QR/lab2/lab2/lab2.runs/synth_1/runme.log
[Fri Mar 14 17:51:27 2025] Launched impl_1...
Run output will be captured here: /home/11-comp-arch-f/Desktop/ecen4243S25QR/lab2/lab2/lab2.runs/impl_1/runme.log
set_property PROBES.FILE {/home/11-comp-arch-f/Desktop/ecen4243S25QR/lab2/lab2/lab2.runs/impl_1/design_1_wrapper.ltx} [get_hw_devices xc7z020_1]
set_property FULL_PROBES.FILE {/home/11-comp-arch-f/Desktop/ecen4243S25QR/lab2/lab2/lab2.runs/impl_1/design_1_wrapper.ltx} [get_hw_devices xc7z020_1]
set_property PROGRAM.FILE {/home/11-comp-arch-f/Desktop/ecen4243S25QR/lab2/lab2/lab2.runs/impl_1/design_1_wrapper.bit} [get_hw_devices xc7z020_1]
program_hw_devices [get_hw_devices xc7z020_1]
INFO: [Labtools 27-3164] End of startup status: HIGH
refresh_hw_device [lindex [get_hw_devices xc7z020_1] 0]
INFO: [Labtools 27-2302] Device xc7z020 (JTAG device index = 1) is programmed with a design that has 1 ILA core(s).
display_hw_ila_data [ get_hw_ila_data hw_ila_data_1 -of_objects [get_hw_ilas -of_objects [get_hw_devices xc7z020_1] -filter {CELL_NAME=~"u_ila_0"}]]
run_hw_ila [get_hw_ilas -of_objects [get_hw_devices xc7z020_1] -filter {CELL_NAME=~"u_ila_0"}]
INFO: [Labtools 27-1964] The ILA core 'hw_ila_1' trigger was armed at 2025-Mar-14 17:53:16
wait_on_hw_ila [get_hw_ilas -of_objects [get_hw_devices xc7z020_1] -filter {CELL_NAME=~"u_ila_0"}]
display_hw_ila_data [upload_hw_ila_data [get_hw_ilas -of_objects [get_hw_devices xc7z020_1] -filter {CELL_NAME=~"u_ila_0"}]]
INFO: [Labtools 27-1966] The ILA core 'hw_ila_1' triggered at 2025-Mar-14 17:53:17
INFO: [Labtools 27-3304] ILA Waveform data saved to file /home/11-comp-arch-f/Desktop/ecen4243S25QR/lab2/lab2/lab2.hw/backup/hw_ila_data_1.ila. Use Tcl command 'read_hw_ila_data' or Vivado File->Import->Import ILA Data menu item to import the previously saved data.
